data,fold,depth,min_samples_leaf,min_samples_split,prediction_method,prediction_method_leaf,evaluation_method,mse,mse gap,nof_infeasibilities,training_duration,use_brute_force,use_hashmaps,use_initial_solution,RF_n_estimators
synthetic_manifold_df_size_500_targets_5_features_6_seed_0,0,5,5,10,sklearn,sklearn,sklearn,0.5764013765212666,0.0,100,0.015984773635864258,,,,
synthetic_manifold_df_size_500_targets_5_features_6_seed_0,0,5,5,10,preprop_sklearn,preprop_sklearn,preprop_sklearn,0.5816711103452427,0.00914247265643315,0,0.0,,,,
synthetic_manifold_df_size_500_targets_5_features_6_seed_0,0,5,5,10,mean,optimal,mse,0.5633597747611649,-0.02262590321836338,0,0.3738586902618408,True,True,False,
synthetic_manifold_df_size_500_targets_5_features_6_seed_0,0,5,5,10,mean,optimal,mse,0.49108071918944896,-0.14802299371099725,0,5.460565567016602,True,True,False,20.0
synthetic_manifold_df_size_500_targets_5_features_6_seed_0,0,5,5,10,mean,optimal,mse,0.5578390271942612,-0.03220386016257291,0,5.113285541534424,True,True,False,20.0
synthetic_manifold_df_size_500_targets_5_features_6_seed_0,1,5,5,10,sklearn,sklearn,sklearn,0.5168557561799163,0.0,100,0.0,,,,
synthetic_manifold_df_size_500_targets_5_features_6_seed_0,1,5,5,10,preprop_sklearn,preprop_sklearn,preprop_sklearn,0.4824305638148957,-0.06660502848891034,0,0.0,,,,
synthetic_manifold_df_size_500_targets_5_features_6_seed_0,1,5,5,10,mean,optimal,mse,0.4835378523738815,-0.06446267340096506,0,0.3690507411956787,True,True,False,
synthetic_manifold_df_size_500_targets_5_features_6_seed_0,1,5,5,10,mean,optimal,mse,0.4145332345705509,-0.19797113679381595,0,5.216549634933472,True,True,False,20.0
synthetic_manifold_df_size_500_targets_5_features_6_seed_0,1,5,5,10,mean,optimal,mse,0.45113152048520355,-0.1271616595324021,0,5.318291187286377,True,True,False,20.0
synthetic_manifold_df_size_500_targets_5_features_6_seed_0,2,5,5,10,sklearn,sklearn,sklearn,0.643227875018966,0.0,100,0.0,,,,
synthetic_manifold_df_size_500_targets_5_features_6_seed_0,2,5,5,10,preprop_sklearn,preprop_sklearn,preprop_sklearn,0.5658287966679962,-0.12032917315451798,0,0.0,,,,
synthetic_manifold_df_size_500_targets_5_features_6_seed_0,2,5,5,10,mean,optimal,mse,0.6407176314569405,-0.003902572726580831,0,0.3629636764526367,True,True,False,
synthetic_manifold_df_size_500_targets_5_features_6_seed_0,2,5,5,10,mean,optimal,mse,0.44622023851968723,-0.3062796936365202,0,5.435520172119141,True,True,False,20.0
synthetic_manifold_df_size_500_targets_5_features_6_seed_0,2,5,5,10,mean,optimal,mse,0.47753031009329866,-0.25760320931486635,0,5.219945430755615,True,True,False,20.0
synthetic_manifold_df_size_500_targets_5_features_6_seed_0,3,5,5,10,sklearn,sklearn,sklearn,0.630604656502489,0.0,100,0.0020074844360351562,,,,
synthetic_manifold_df_size_500_targets_5_features_6_seed_0,3,5,5,10,preprop_sklearn,preprop_sklearn,preprop_sklearn,0.5812370810397075,-0.07828609407451564,0,0.003748655319213867,,,,
synthetic_manifold_df_size_500_targets_5_features_6_seed_0,3,5,5,10,mean,optimal,mse,0.6043041123530326,-0.041706866383332146,0,0.3445155620574951,True,True,False,
synthetic_manifold_df_size_500_targets_5_features_6_seed_0,3,5,5,10,mean,optimal,mse,0.5056540485715825,-0.19814412507499987,0,5.866371393203735,True,True,False,20.0
synthetic_manifold_df_size_500_targets_5_features_6_seed_0,3,5,5,10,mean,optimal,mse,0.5540680948005682,-0.12137011820752186,0,8.824300527572632,True,True,False,20.0
synthetic_manifold_df_size_500_targets_5_features_6_seed_0,4,5,5,10,sklearn,sklearn,sklearn,0.49093461731573473,0.0,100,0.00951695442199707,,,,
synthetic_manifold_df_size_500_targets_5_features_6_seed_0,4,5,5,10,preprop_sklearn,preprop_sklearn,preprop_sklearn,0.49512823016349594,0.008542100515727473,0,0.009114265441894531,,,,
synthetic_manifold_df_size_500_targets_5_features_6_seed_0,4,5,5,10,mean,optimal,mse,0.4603142430275737,-0.062371593300107775,0,0.512383222579956,True,True,False,
synthetic_manifold_df_size_500_targets_5_features_6_seed_0,4,5,5,10,mean,optimal,mse,0.36154870111646137,-0.26355019922349743,0,8.315375089645386,True,True,False,20.0
synthetic_manifold_df_size_500_targets_5_features_6_seed_0,4,5,5,10,mean,optimal,mse,0.4002695055329416,-0.18467858770790996,0,7.577363967895508,True,True,False,20.0
synthetic_manifold_df_size_500_targets_5_features_6_seed_1,0,5,5,10,sklearn,sklearn,sklearn,0.19730258341350798,0.0,100,0.003119230270385742,,,,
synthetic_manifold_df_size_500_targets_5_features_6_seed_1,0,5,5,10,preprop_sklearn,preprop_sklearn,preprop_sklearn,0.4729117664741514,1.3968858303442484,0,0.003213167190551758,,,,
synthetic_manifold_df_size_500_targets_5_features_6_seed_1,0,5,5,10,mean,optimal,mse,0.4782153659229135,1.423766367623615,0,0.5562136173248291,True,True,False,
synthetic_manifold_df_size_500_targets_5_features_6_seed_1,0,5,5,10,mean,optimal,mse,0.50291708566507,1.5489635105844166,0,8.82485818862915,True,True,False,20.0
synthetic_manifold_df_size_500_targets_5_features_6_seed_1,0,5,5,10,mean,optimal,mse,0.5370304797085098,1.721862382222325,0,8.377357006072998,True,True,False,20.0
synthetic_manifold_df_size_500_targets_5_features_6_seed_1,1,5,5,10,sklearn,sklearn,sklearn,0.1972166628856678,0.0,100,0.010253429412841797,,,,
synthetic_manifold_df_size_500_targets_5_features_6_seed_1,1,5,5,10,preprop_sklearn,preprop_sklearn,preprop_sklearn,0.4343425884380093,1.2023625290212434,0,0.0,,,,
synthetic_manifold_df_size_500_targets_5_features_6_seed_1,1,5,5,10,mean,optimal,mse,0.4170367401436055,1.1146120923127765,0,0.6262226104736328,True,True,False,
synthetic_manifold_df_size_500_targets_5_features_6_seed_1,1,5,5,10,mean,optimal,mse,0.4670440132457063,1.3681772443156348,0,8.509551048278809,True,True,False,20.0
synthetic_manifold_df_size_500_targets_5_features_6_seed_1,1,5,5,10,mean,optimal,mse,0.4922491963063818,1.4959817750884108,0,8.369524478912354,True,True,False,20.0
synthetic_manifold_df_size_500_targets_5_features_6_seed_1,2,5,5,10,sklearn,sklearn,sklearn,0.18939538347839355,0.0,100,0.009716987609863281,,,,
synthetic_manifold_df_size_500_targets_5_features_6_seed_1,2,5,5,10,preprop_sklearn,preprop_sklearn,preprop_sklearn,0.4384915772859489,1.3152178750754637,0,0.0,,,,
synthetic_manifold_df_size_500_targets_5_features_6_seed_1,2,5,5,10,mean,optimal,mse,0.42989791042526326,1.269843660018812,0,0.5997982025146484,True,True,False,
synthetic_manifold_df_size_500_targets_5_features_6_seed_1,2,5,5,10,mean,optimal,mse,0.45738130762425355,1.414954890790314,0,7.719205141067505,True,True,False,20.0
synthetic_manifold_df_size_500_targets_5_features_6_seed_1,2,5,5,10,mean,optimal,mse,0.49486155488518807,1.6128490874311225,0,5.604449510574341,True,True,False,20.0
synthetic_manifold_df_size_500_targets_5_features_6_seed_1,3,5,5,10,sklearn,sklearn,sklearn,0.20657879177772687,0.0,100,0.0,,,,
synthetic_manifold_df_size_500_targets_5_features_6_seed_1,3,5,5,10,preprop_sklearn,preprop_sklearn,preprop_sklearn,0.4422543946396614,1.140850911334185,0,0.0,,,,
synthetic_manifold_df_size_500_targets_5_features_6_seed_1,3,5,5,10,mean,optimal,mse,0.4498428424730928,1.1775848266026816,0,0.3891875743865967,True,True,False,
synthetic_manifold_df_size_500_targets_5_features_6_seed_1,3,5,5,10,mean,optimal,mse,0.49195841903999654,1.381456560987782,0,7.798930644989014,True,True,False,20.0
synthetic_manifold_df_size_500_targets_5_features_6_seed_1,3,5,5,10,mean,optimal,mse,0.5049026925317891,1.4441167855945765,0,8.035290002822876,True,True,False,20.0
synthetic_manifold_df_size_500_targets_5_features_6_seed_1,4,5,5,10,sklearn,sklearn,sklearn,0.24489330426964745,0.0,100,0.0020084381103515625,,,,
synthetic_manifold_df_size_500_targets_5_features_6_seed_1,4,5,5,10,preprop_sklearn,preprop_sklearn,preprop_sklearn,0.4564898539030454,0.8640356675510121,0,0.002519369125366211,,,,
synthetic_manifold_df_size_500_targets_5_features_6_seed_1,4,5,5,10,mean,optimal,mse,0.4643864771609458,0.8962808254227257,0,0.5264630317687988,True,True,False,
synthetic_manifold_df_size_500_targets_5_features_6_seed_1,4,5,5,10,mean,optimal,mse,0.4876974967998418,0.99146929824936,0,8.427428483963013,True,True,False,20.0
synthetic_manifold_df_size_500_targets_5_features_6_seed_1,4,5,5,10,mean,optimal,mse,0.5108471637583867,1.0859989017743923,0,8.142209529876709,True,True,False,20.0
synthetic_manifold_df_size_500_targets_5_features_6_seed_2,0,5,5,10,sklearn,sklearn,sklearn,0.5741072394483597,0.0,100,0.013293743133544922,,,,
synthetic_manifold_df_size_500_targets_5_features_6_seed_2,0,5,5,10,preprop_sklearn,preprop_sklearn,preprop_sklearn,0.6753659366275289,0.1763759280869985,0,0.0,,,,
synthetic_manifold_df_size_500_targets_5_features_6_seed_2,0,5,5,10,mean,optimal,mse,0.6987071572195745,0.21703247966519057,0,0.5341036319732666,True,True,False,
synthetic_manifold_df_size_500_targets_5_features_6_seed_2,0,5,5,10,mean,optimal,mse,0.678070027320255,0.18108600750582698,0,7.604270696640015,True,True,False,20.0
synthetic_manifold_df_size_500_targets_5_features_6_seed_2,0,5,5,10,mean,optimal,mse,0.6991360512386201,0.21777954221653142,0,7.102057456970215,True,True,False,20.0
synthetic_manifold_df_size_500_targets_5_features_6_seed_2,1,5,5,10,sklearn,sklearn,sklearn,0.5069228386852027,0.0,100,0.005784273147583008,,,,
synthetic_manifold_df_size_500_targets_5_features_6_seed_2,1,5,5,10,preprop_sklearn,preprop_sklearn,preprop_sklearn,0.6852431188051845,0.35177006540578865,0,0.0,,,,
synthetic_manifold_df_size_500_targets_5_features_6_seed_2,1,5,5,10,mean,optimal,mse,0.6393398127521811,0.261217218798873,0,0.47504329681396484,True,True,False,
synthetic_manifold_df_size_500_targets_5_features_6_seed_2,1,5,5,10,mean,optimal,mse,0.6183055222683056,0.2197231513024631,0,7.632148742675781,True,True,False,20.0
synthetic_manifold_df_size_500_targets_5_features_6_seed_2,1,5,5,10,mean,optimal,mse,0.6845932418346032,0.3504880616746747,0,5.519944906234741,True,True,False,20.0
synthetic_manifold_df_size_500_targets_5_features_6_seed_2,2,5,5,10,sklearn,sklearn,sklearn,0.45629112142333383,0.0,100,0.002800464630126953,,,,
synthetic_manifold_df_size_500_targets_5_features_6_seed_2,2,5,5,10,preprop_sklearn,preprop_sklearn,preprop_sklearn,0.8501828664842446,0.8632465690592942,0,0.003421306610107422,,,,
synthetic_manifold_df_size_500_targets_5_features_6_seed_2,2,5,5,10,mean,optimal,mse,0.7439078409433482,0.6303359982610133,0,0.3709688186645508,True,True,False,
synthetic_manifold_df_size_500_targets_5_features_6_seed_2,2,5,5,10,mean,optimal,mse,0.7452288140519487,0.6332310208607955,0,5.044039487838745,True,True,False,20.0
synthetic_manifold_df_size_500_targets_5_features_6_seed_2,2,5,5,10,mean,optimal,mse,0.8423413547567999,0.8460612429390222,0,4.778314113616943,True,True,False,20.0
synthetic_manifold_df_size_500_targets_5_features_6_seed_2,3,5,5,10,sklearn,sklearn,sklearn,0.4438088672697302,0.0,100,0.00667881965637207,,,,
synthetic_manifold_df_size_500_targets_5_features_6_seed_2,3,5,5,10,preprop_sklearn,preprop_sklearn,preprop_sklearn,0.6412220819971466,0.44481584142715236,0,0.0,,,,
synthetic_manifold_df_size_500_targets_5_features_6_seed_2,3,5,5,10,mean,optimal,mse,0.5756617799185466,0.29709391220586234,0,0.4270927906036377,True,True,False,
synthetic_manifold_df_size_500_targets_5_features_6_seed_2,3,5,5,10,mean,optimal,mse,0.5722173587630486,0.2893328659322992,0,4.938176393508911,True,True,False,20.0
synthetic_manifold_df_size_500_targets_5_features_6_seed_2,3,5,5,10,mean,optimal,mse,0.6025517157195824,0.35768291297653226,0,4.769851922988892,True,True,False,20.0
synthetic_manifold_df_size_500_targets_5_features_6_seed_2,4,5,5,10,sklearn,sklearn,sklearn,0.5323801433895637,0.0,100,0.0,,,,
synthetic_manifold_df_size_500_targets_5_features_6_seed_2,4,5,5,10,preprop_sklearn,preprop_sklearn,preprop_sklearn,0.6956691397467986,0.30671503883973705,0,0.0,,,,
synthetic_manifold_df_size_500_targets_5_features_6_seed_2,4,5,5,10,mean,optimal,mse,0.6916721819765701,0.2992073250005608,0,0.36493349075317383,True,True,False,
synthetic_manifold_df_size_500_targets_5_features_6_seed_2,4,5,5,10,mean,optimal,mse,0.5830512921259375,0.09517850987784812,0,5.202218294143677,True,True,False,20.0
synthetic_manifold_df_size_500_targets_5_features_6_seed_2,4,5,5,10,mean,optimal,mse,0.6721533615396278,0.26254401086440676,0,5.083277463912964,True,True,False,20.0
synthetic_manifold_df_size_500_targets_9_features_6_seed_0,0,5,5,10,sklearn,sklearn,sklearn,0.7576752717609994,0.0,100,0.0,,,,
synthetic_manifold_df_size_500_targets_9_features_6_seed_0,0,5,5,10,preprop_sklearn,preprop_sklearn,preprop_sklearn,0.988095442421231,0.30411467715540713,0,0.009835243225097656,,,,
synthetic_manifold_df_size_500_targets_9_features_6_seed_0,0,5,5,10,mean,optimal,mse,0.9592299180379682,0.2660171894068982,0,0.40030884742736816,True,True,False,
synthetic_manifold_df_size_500_targets_9_features_6_seed_0,0,5,5,10,mean,optimal,mse,0.8877412020591495,0.17166447836663473,0,5.9775567054748535,True,True,False,20.0
synthetic_manifold_df_size_500_targets_9_features_6_seed_0,0,5,5,10,mean,optimal,mse,0.9701698562479871,0.28045601117891167,0,5.6781229972839355,True,True,False,20.0
synthetic_manifold_df_size_500_targets_9_features_6_seed_0,1,5,5,10,sklearn,sklearn,sklearn,0.7723913600569439,0.0,100,0.0010831356048583984,,,,
synthetic_manifold_df_size_500_targets_9_features_6_seed_0,1,5,5,10,preprop_sklearn,preprop_sklearn,preprop_sklearn,0.9369509107117321,0.21305203445395376,0,0.0,,,,
synthetic_manifold_df_size_500_targets_9_features_6_seed_0,1,5,5,10,mean,optimal,mse,0.9866772052406814,0.27743169624261393,0,0.3957483768463135,True,True,False,
synthetic_manifold_df_size_500_targets_9_features_6_seed_0,1,5,5,10,mean,optimal,mse,0.8845439007254937,0.14520170274856714,0,6.055416822433472,True,True,False,20.0
synthetic_manifold_df_size_500_targets_9_features_6_seed_0,1,5,5,10,mean,optimal,mse,0.956137429675686,0.23789244561875428,0,5.996805429458618,True,True,False,20.0
synthetic_manifold_df_size_500_targets_9_features_6_seed_0,2,5,5,10,sklearn,sklearn,sklearn,0.8627964200042728,0.0,100,0.017236948013305664,,,,
synthetic_manifold_df_size_500_targets_9_features_6_seed_0,2,5,5,10,preprop_sklearn,preprop_sklearn,preprop_sklearn,1.1060923900135575,0.2819853726422275,0,0.0,,,,
synthetic_manifold_df_size_500_targets_9_features_6_seed_0,2,5,5,10,mean,optimal,mse,1.0596617017686936,0.22817118522982027,0,0.3956294059753418,True,True,False,
synthetic_manifold_df_size_500_targets_9_features_6_seed_0,2,5,5,10,mean,optimal,mse,0.9954952385508999,0.1538008451008292,0,6.281346082687378,True,True,False,20.0
synthetic_manifold_df_size_500_targets_9_features_6_seed_0,2,5,5,10,mean,optimal,mse,1.101402046453595,0.27654916144429587,0,5.561980962753296,True,True,False,20.0
synthetic_manifold_df_size_500_targets_9_features_6_seed_0,3,5,5,10,sklearn,sklearn,sklearn,0.7646433070427822,0.0,100,0.0,,,,
synthetic_manifold_df_size_500_targets_9_features_6_seed_0,3,5,5,10,preprop_sklearn,preprop_sklearn,preprop_sklearn,1.0076675732508487,0.3178269710460817,0,0.0,,,,
synthetic_manifold_df_size_500_targets_9_features_6_seed_0,3,5,5,10,mean,optimal,mse,0.971175405789795,0.2701025391116871,0,0.3981311321258545,True,True,False,
synthetic_manifold_df_size_500_targets_9_features_6_seed_0,3,5,5,10,mean,optimal,mse,0.8998363730008033,0.17680540026025107,0,6.112969398498535,True,True,False,20.0
synthetic_manifold_df_size_500_targets_9_features_6_seed_0,3,5,5,10,mean,optimal,mse,0.9705326342680843,0.2692619229501509,0,5.834767818450928,True,True,False,20.0
synthetic_manifold_df_size_500_targets_9_features_6_seed_0,4,5,5,10,sklearn,sklearn,sklearn,0.6955852678726409,0.0,100,0.0,,,,
synthetic_manifold_df_size_500_targets_9_features_6_seed_0,4,5,5,10,preprop_sklearn,preprop_sklearn,preprop_sklearn,0.9378062665417595,0.34822617708670106,0,0.0,,,,
synthetic_manifold_df_size_500_targets_9_features_6_seed_0,4,5,5,10,mean,optimal,mse,0.8827497324584804,0.26907479676540347,0,0.39743947982788086,True,True,False,
synthetic_manifold_df_size_500_targets_9_features_6_seed_0,4,5,5,10,mean,optimal,mse,0.8616602160517545,0.23875570091792303,0,6.075454950332642,True,True,False,20.0
synthetic_manifold_df_size_500_targets_9_features_6_seed_0,4,5,5,10,mean,optimal,mse,0.9391728254674349,0.35019079449421864,0,5.936568737030029,True,True,False,20.0
synthetic_manifold_df_size_500_targets_9_features_6_seed_1,0,5,5,10,sklearn,sklearn,sklearn,0.3873887581109652,0.0,100,0.004869937896728516,,,,
synthetic_manifold_df_size_500_targets_9_features_6_seed_1,0,5,5,10,preprop_sklearn,preprop_sklearn,preprop_sklearn,0.5634013293683027,0.45435642509512303,0,0.0034608840942382812,,,,
synthetic_manifold_df_size_500_targets_9_features_6_seed_1,0,5,5,10,mean,optimal,mse,0.587679205178907,0.5170269990399924,0,0.4282846450805664,True,True,False,
synthetic_manifold_df_size_500_targets_9_features_6_seed_1,0,5,5,10,mean,optimal,mse,0.5193757658381741,0.3407094422946627,0,6.351000785827637,True,True,False,20.0
synthetic_manifold_df_size_500_targets_9_features_6_seed_1,0,5,5,10,mean,optimal,mse,0.5435466307967408,0.4031037799012359,0,5.9471540451049805,True,True,False,20.0
synthetic_manifold_df_size_500_targets_9_features_6_seed_1,1,5,5,10,sklearn,sklearn,sklearn,0.3508117849799716,0.0,100,0.0020079612731933594,,,,
synthetic_manifold_df_size_500_targets_9_features_6_seed_1,1,5,5,10,preprop_sklearn,preprop_sklearn,preprop_sklearn,0.5811301443918025,0.656529709869867,0,0.001741170883178711,,,,
synthetic_manifold_df_size_500_targets_9_features_6_seed_1,1,5,5,10,mean,optimal,mse,0.5601832168356687,0.5968198356496218,0,0.42357945442199707,True,True,False,
synthetic_manifold_df_size_500_targets_9_features_6_seed_1,1,5,5,10,mean,optimal,mse,0.5186345591422338,0.4783840832822746,0,6.250414848327637,True,True,False,20.0
synthetic_manifold_df_size_500_targets_9_features_6_seed_1,1,5,5,10,mean,optimal,mse,0.5547454813945947,0.5813194001628706,0,6.344154119491577,True,True,False,20.0
synthetic_manifold_df_size_500_targets_9_features_6_seed_1,2,5,5,10,sklearn,sklearn,sklearn,0.3402795409840388,0.0,100,0.012426376342773438,,,,
synthetic_manifold_df_size_500_targets_9_features_6_seed_1,2,5,5,10,preprop_sklearn,preprop_sklearn,preprop_sklearn,0.5750367851211201,0.689895265105265,0,0.0,,,,
synthetic_manifold_df_size_500_targets_9_features_6_seed_1,2,5,5,10,mean,optimal,mse,0.5705924334186168,0.6768343808403723,0,0.4124107360839844,True,True,False,
synthetic_manifold_df_size_500_targets_9_features_6_seed_1,2,5,5,10,mean,optimal,mse,0.5212506990500565,0.5318308516071096,0,6.230041265487671,True,True,False,20.0
synthetic_manifold_df_size_500_targets_9_features_6_seed_1,2,5,5,10,mean,optimal,mse,0.5452512002473,0.6023625712862816,0,5.83759617805481,True,True,False,20.0
synthetic_manifold_df_size_500_targets_9_features_6_seed_1,3,5,5,10,sklearn,sklearn,sklearn,0.343252344688493,0.0,100,0.0,,,,
synthetic_manifold_df_size_500_targets_9_features_6_seed_1,3,5,5,10,preprop_sklearn,preprop_sklearn,preprop_sklearn,0.6182475593146168,0.8011459175193293,0,0.0,,,,
synthetic_manifold_df_size_500_targets_9_features_6_seed_1,3,5,5,10,mean,optimal,mse,0.6056964541328312,0.7645806751371514,0,0.40944743156433105,True,True,False,
synthetic_manifold_df_size_500_targets_9_features_6_seed_1,3,5,5,10,mean,optimal,mse,0.5732587182562379,0.670079540975836,0,6.238891839981079,True,True,False,20.0
synthetic_manifold_df_size_500_targets_9_features_6_seed_1,3,5,5,10,mean,optimal,mse,0.5868112439500242,0.7095622303252282,0,6.006422758102417,True,True,False,20.0
synthetic_manifold_df_size_500_targets_9_features_6_seed_1,4,5,5,10,sklearn,sklearn,sklearn,0.3746576233307493,0.0,100,0.0020079612731933594,,,,
synthetic_manifold_df_size_500_targets_9_features_6_seed_1,4,5,5,10,preprop_sklearn,preprop_sklearn,preprop_sklearn,0.6277878666577252,0.6756308361661482,0,0.0037491321563720703,,,,
synthetic_manifold_df_size_500_targets_9_features_6_seed_1,4,5,5,10,mean,optimal,mse,0.6415672188931878,0.7124093544115866,0,0.41216349601745605,True,True,False,
synthetic_manifold_df_size_500_targets_9_features_6_seed_1,4,5,5,10,mean,optimal,mse,0.6011397923078502,0.6045043657824133,0,6.219242334365845,True,True,False,20.0
synthetic_manifold_df_size_500_targets_9_features_6_seed_1,4,5,5,10,mean,optimal,mse,0.622623214731916,0.6618458452726093,0,6.037495851516724,True,True,False,20.0
synthetic_manifold_df_size_500_targets_9_features_6_seed_2,0,5,5,10,sklearn,sklearn,sklearn,0.7825331269415031,0.0,100,0.0,,,,
synthetic_manifold_df_size_500_targets_9_features_6_seed_2,0,5,5,10,preprop_sklearn,preprop_sklearn,preprop_sklearn,1.3977747085102343,0.7862179381125708,0,0.0,,,,
synthetic_manifold_df_size_500_targets_9_features_6_seed_2,0,5,5,10,mean,optimal,mse,1.3635599020454316,0.7424947968335175,0,0.4191768169403076,True,True,False,
synthetic_manifold_df_size_500_targets_9_features_6_seed_2,0,5,5,10,mean,optimal,mse,1.3132733597483197,0.6782335654992547,0,6.0196685791015625,True,True,False,20.0
synthetic_manifold_df_size_500_targets_9_features_6_seed_2,0,5,5,10,mean,optimal,mse,1.362206092463354,0.7407647619819975,0,6.049170732498169,True,True,False,20.0
synthetic_manifold_df_size_500_targets_9_features_6_seed_2,1,5,5,10,sklearn,sklearn,sklearn,0.7972732460360196,0.0,100,0.002008199691772461,,,,
synthetic_manifold_df_size_500_targets_9_features_6_seed_2,1,5,5,10,preprop_sklearn,preprop_sklearn,preprop_sklearn,1.339702900964368,0.680356023013774,0,0.0035140514373779297,,,,
synthetic_manifold_df_size_500_targets_9_features_6_seed_2,1,5,5,10,mean,optimal,mse,1.3445979063700246,0.6864957065287975,0,0.41162824630737305,True,True,False,
synthetic_manifold_df_size_500_targets_9_features_6_seed_2,1,5,5,10,mean,optimal,mse,1.2744624729830392,0.5985265770795235,0,6.539555788040161,True,True,False,20.0
synthetic_manifold_df_size_500_targets_9_features_6_seed_2,1,5,5,10,mean,optimal,mse,1.3392195694478843,0.6797497923157206,0,6.112792730331421,True,True,False,20.0
synthetic_manifold_df_size_500_targets_9_features_6_seed_2,2,5,5,10,sklearn,sklearn,sklearn,0.7239229017044366,0.0,100,0.012317419052124023,,,,
synthetic_manifold_df_size_500_targets_9_features_6_seed_2,2,5,5,10,preprop_sklearn,preprop_sklearn,preprop_sklearn,1.2983573038826943,0.7935021821050052,0,0.0,,,,
synthetic_manifold_df_size_500_targets_9_features_6_seed_2,2,5,5,10,mean,optimal,mse,1.3043105347311363,0.8017257523697744,0,0.3955264091491699,True,True,False,
synthetic_manifold_df_size_500_targets_9_features_6_seed_2,2,5,5,10,mean,optimal,mse,1.2739399659569774,0.7597729854347139,0,5.960628509521484,True,True,False,20.0
synthetic_manifold_df_size_500_targets_9_features_6_seed_2,2,5,5,10,mean,optimal,mse,1.3148307733444977,0.8162580162180268,0,5.919064521789551,True,True,False,20.0
synthetic_manifold_df_size_500_targets_9_features_6_seed_2,3,5,5,10,sklearn,sklearn,sklearn,0.8076120395080422,0.0,100,0.0,,,,
synthetic_manifold_df_size_500_targets_9_features_6_seed_2,3,5,5,10,preprop_sklearn,preprop_sklearn,preprop_sklearn,1.2464983035337884,0.543437000138203,0,0.016035795211791992,,,,
synthetic_manifold_df_size_500_targets_9_features_6_seed_2,3,5,5,10,mean,optimal,mse,1.309573926281016,0.6215383899907492,0,0.39730215072631836,True,True,False,
synthetic_manifold_df_size_500_targets_9_features_6_seed_2,3,5,5,10,mean,optimal,mse,1.219778977999282,0.5103526425167112,0,6.020400524139404,True,True,False,20.0
synthetic_manifold_df_size_500_targets_9_features_6_seed_2,3,5,5,10,mean,optimal,mse,1.2428948398790594,0.5389751255270665,0,5.953127384185791,True,True,False,20.0
synthetic_manifold_df_size_500_targets_9_features_6_seed_2,4,5,5,10,sklearn,sklearn,sklearn,0.7717863556407294,0.0,100,0.001741170883178711,,,,
synthetic_manifold_df_size_500_targets_9_features_6_seed_2,4,5,5,10,preprop_sklearn,preprop_sklearn,preprop_sklearn,1.3396773381834177,0.7358137111289443,0,0.004015445709228516,,,,
synthetic_manifold_df_size_500_targets_9_features_6_seed_2,4,5,5,10,mean,optimal,mse,1.308081305686418,0.6948748784246929,0,0.3968355655670166,True,True,False,
synthetic_manifold_df_size_500_targets_9_features_6_seed_2,4,5,5,10,mean,optimal,mse,1.255027174153796,0.6261328863632019,0,6.083550691604614,True,True,False,20.0
synthetic_manifold_df_size_500_targets_9_features_6_seed_2,4,5,5,10,mean,optimal,mse,1.3053611236757903,0.6913503512148674,0,6.036556720733643,True,True,False,20.0
synthetic_manifold_df_size_1000_targets_5_features_6_seed_0,0,5,5,10,sklearn,sklearn,sklearn,0.4503950082208473,0.0,200,0.009715080261230469,,,,
synthetic_manifold_df_size_1000_targets_5_features_6_seed_0,0,5,5,10,preprop_sklearn,preprop_sklearn,preprop_sklearn,0.5232791146788024,0.16182263374956626,0,0.00401616096496582,,,,
synthetic_manifold_df_size_1000_targets_5_features_6_seed_0,0,5,5,10,mean,optimal,mse,0.48941246729113397,0.08662942163682855,0,0.5069985389709473,True,True,False,
synthetic_manifold_df_size_1000_targets_5_features_6_seed_0,0,5,5,10,mean,optimal,mse,0.4332760902524525,-0.038008676064190984,0,7.514784097671509,True,True,False,20.0
synthetic_manifold_df_size_1000_targets_5_features_6_seed_0,0,5,5,10,mean,optimal,mse,0.5046649949613682,0.12049420120107113,0,7.894049406051636,True,True,False,20.0
synthetic_manifold_df_size_1000_targets_5_features_6_seed_0,1,5,5,10,sklearn,sklearn,sklearn,0.43859741744496256,0.0,200,0.0,,,,
synthetic_manifold_df_size_1000_targets_5_features_6_seed_0,1,5,5,10,preprop_sklearn,preprop_sklearn,preprop_sklearn,0.47885419320328404,0.09178525489921087,0,0.0,,,,
synthetic_manifold_df_size_1000_targets_5_features_6_seed_0,1,5,5,10,mean,optimal,mse,0.44213411076130493,0.008063643732663288,0,0.5059487819671631,True,True,False,
synthetic_manifold_df_size_1000_targets_5_features_6_seed_0,1,5,5,10,mean,optimal,mse,0.41178987236797493,-0.06112107370160604,0,7.480701923370361,True,True,False,20.0
synthetic_manifold_df_size_1000_targets_5_features_6_seed_0,1,5,5,10,mean,optimal,mse,0.4470470093470585,0.019265028853381768,0,7.383079767227173,True,True,False,20.0
synthetic_manifold_df_size_1000_targets_5_features_6_seed_0,2,5,5,10,sklearn,sklearn,sklearn,0.5272852947020368,0.0,200,0.0,,,,
synthetic_manifold_df_size_1000_targets_5_features_6_seed_0,2,5,5,10,preprop_sklearn,preprop_sklearn,preprop_sklearn,0.5604570720706581,0.06291049210345669,0,0.0,,,,
synthetic_manifold_df_size_1000_targets_5_features_6_seed_0,2,5,5,10,mean,optimal,mse,0.5368718212685766,0.018180910150276505,0,0.5261709690093994,True,True,False,
synthetic_manifold_df_size_1000_targets_5_features_6_seed_0,2,5,5,10,mean,optimal,mse,0.4659401926145697,-0.11634138616009106,0,7.6432812213897705,True,True,False,20.0
synthetic_manifold_df_size_1000_targets_5_features_6_seed_0,2,5,5,10,mean,optimal,mse,0.5127415173013994,-0.027582368684975225,0,7.821550607681274,True,True,False,20.0
synthetic_manifold_df_size_1000_targets_5_features_6_seed_0,3,5,5,10,sklearn,sklearn,sklearn,0.5130305784615753,0.0,200,0.0033087730407714844,,,,
synthetic_manifold_df_size_1000_targets_5_features_6_seed_0,3,5,5,10,preprop_sklearn,preprop_sklearn,preprop_sklearn,0.5306909770741184,0.03442367639274315,0,0.005929231643676758,,,,
synthetic_manifold_df_size_1000_targets_5_features_6_seed_0,3,5,5,10,mean,optimal,mse,0.5063054311054258,-0.013108667667171387,0,0.7515485286712646,True,True,False,
synthetic_manifold_df_size_1000_targets_5_features_6_seed_0,3,5,5,10,mean,optimal,mse,0.40606974825727216,-0.20848821628731481,0,12.278960466384888,True,True,False,20.0
synthetic_manifold_df_size_1000_targets_5_features_6_seed_0,3,5,5,10,mean,optimal,mse,0.45089612421627134,-0.12111257467659438,0,10.458859205245972,True,True,False,20.0
synthetic_manifold_df_size_1000_targets_5_features_6_seed_0,4,5,5,10,sklearn,sklearn,sklearn,0.4926401807431173,0.0,200,0.0,,,,
synthetic_manifold_df_size_1000_targets_5_features_6_seed_0,4,5,5,10,preprop_sklearn,preprop_sklearn,preprop_sklearn,0.4997892647818862,0.014511776177056759,0,0.0,,,,
synthetic_manifold_df_size_1000_targets_5_features_6_seed_0,4,5,5,10,mean,optimal,mse,0.5066572988079148,0.028453054811025644,0,0.7290439605712891,True,True,False,
synthetic_manifold_df_size_1000_targets_5_features_6_seed_0,4,5,5,10,mean,optimal,mse,0.4141832103978501,-0.15925816328444764,0,10.45693826675415,True,True,False,20.0
synthetic_manifold_df_size_1000_targets_5_features_6_seed_0,4,5,5,10,mean,optimal,mse,0.4592354206260965,-0.06780762394701899,0,10.442319393157959,True,True,False,20.0
synthetic_manifold_df_size_1000_targets_5_features_6_seed_1,0,5,5,10,sklearn,sklearn,sklearn,0.18958775000767145,0.0,200,0.0,,,,
synthetic_manifold_df_size_1000_targets_5_features_6_seed_1,0,5,5,10,preprop_sklearn,preprop_sklearn,preprop_sklearn,0.36876898602590713,0.9451097764016152,0,0.0,,,,
synthetic_manifold_df_size_1000_targets_5_features_6_seed_1,0,5,5,10,mean,optimal,mse,0.3783277538726363,0.9955284761664596,0,0.7318706512451172,True,True,False,
synthetic_manifold_df_size_1000_targets_5_features_6_seed_1,0,5,5,10,mean,optimal,mse,0.3963148126235437,1.0904030593089862,0,10.95987606048584,True,True,False,20.0
synthetic_manifold_df_size_1000_targets_5_features_6_seed_1,0,5,5,10,mean,optimal,mse,0.43136094492128907,1.2752574726153696,0,10.859796524047852,True,True,False,20.0
synthetic_manifold_df_size_1000_targets_5_features_6_seed_1,1,5,5,10,sklearn,sklearn,sklearn,0.18672554271253428,0.0,200,0.0,,,,
synthetic_manifold_df_size_1000_targets_5_features_6_seed_1,1,5,5,10,preprop_sklearn,preprop_sklearn,preprop_sklearn,0.4342420469273807,1.3255631801584875,0,0.0,,,,
synthetic_manifold_df_size_1000_targets_5_features_6_seed_1,1,5,5,10,mean,optimal,mse,0.4282242350878761,1.2933350674317297,0,0.8032681941986084,True,True,False,
synthetic_manifold_df_size_1000_targets_5_features_6_seed_1,1,5,5,10,mean,optimal,mse,0.4722372834419145,1.529044910416612,0,14.012541770935059,True,True,False,20.0
synthetic_manifold_df_size_1000_targets_5_features_6_seed_1,1,5,5,10,mean,optimal,mse,0.5039407205814318,1.6988312003851196,0,10.721197128295898,True,True,False,20.0
synthetic_manifold_df_size_1000_targets_5_features_6_seed_1,2,5,5,10,sklearn,sklearn,sklearn,0.19784419286946195,0.0,200,0.0,,,,
synthetic_manifold_df_size_1000_targets_5_features_6_seed_1,2,5,5,10,preprop_sklearn,preprop_sklearn,preprop_sklearn,0.4049679868144211,1.0469035807465923,0,0.0,,,,
synthetic_manifold_df_size_1000_targets_5_features_6_seed_1,2,5,5,10,mean,optimal,mse,0.4042203844859677,1.0431248379004645,0,0.71354079246521,True,True,False,
synthetic_manifold_df_size_1000_targets_5_features_6_seed_1,2,5,5,10,mean,optimal,mse,0.4471720884711308,1.2602234717405933,0,10.406638622283936,True,True,False,20.0
synthetic_manifold_df_size_1000_targets_5_features_6_seed_1,2,5,5,10,mean,optimal,mse,0.48028377567666547,1.427585913494857,0,9.732509851455688,True,True,False,20.0
synthetic_manifold_df_size_1000_targets_5_features_6_seed_1,3,5,5,10,sklearn,sklearn,sklearn,0.18587619568086847,0.0,200,0.015692710876464844,,,,
synthetic_manifold_df_size_1000_targets_5_features_6_seed_1,3,5,5,10,preprop_sklearn,preprop_sklearn,preprop_sklearn,0.44896122593667176,1.4153777426534755,0,0.0,,,,
synthetic_manifold_df_size_1000_targets_5_features_6_seed_1,3,5,5,10,mean,optimal,mse,0.43558880358196816,1.3434351127447874,0,0.7139990329742432,True,True,False,
synthetic_manifold_df_size_1000_targets_5_features_6_seed_1,3,5,5,10,mean,optimal,mse,0.47124439063382895,1.5352594984400811,0,10.413679838180542,True,True,False,20.0
synthetic_manifold_df_size_1000_targets_5_features_6_seed_1,3,5,5,10,mean,optimal,mse,0.5139749900214323,1.765146920178407,0,10.103105068206787,True,True,False,20.0
synthetic_manifold_df_size_1000_targets_5_features_6_seed_1,4,5,5,10,sklearn,sklearn,sklearn,0.20302951741480757,0.0,200,0.0020074844360351562,,,,
synthetic_manifold_df_size_1000_targets_5_features_6_seed_1,4,5,5,10,preprop_sklearn,preprop_sklearn,preprop_sklearn,0.4052099002529815,0.9958176791855403,0,0.0,,,,
synthetic_manifold_df_size_1000_targets_5_features_6_seed_1,4,5,5,10,mean,optimal,mse,0.4028291245165564,0.9840914249603433,0,0.761427640914917,True,True,False,
synthetic_manifold_df_size_1000_targets_5_features_6_seed_1,4,5,5,10,mean,optimal,mse,0.44020094218107086,1.1681622839190458,0,10.77183198928833,True,True,False,20.0
synthetic_manifold_df_size_1000_targets_5_features_6_seed_1,4,5,5,10,mean,optimal,mse,0.4709801711310814,1.3197620578924323,0,12.471841812133789,True,True,False,20.0
synthetic_manifold_df_size_1000_targets_5_features_6_seed_2,0,5,5,10,sklearn,sklearn,sklearn,0.4395113513400542,0.0,200,0.0060269832611083984,,,,
synthetic_manifold_df_size_1000_targets_5_features_6_seed_2,0,5,5,10,preprop_sklearn,preprop_sklearn,preprop_sklearn,0.7149761258630966,0.6267523550487609,0,0.0,,,,
synthetic_manifold_df_size_1000_targets_5_features_6_seed_2,0,5,5,10,mean,optimal,mse,0.6351928515996776,0.44522513391974433,0,0.8353815078735352,True,True,False,
synthetic_manifold_df_size_1000_targets_5_features_6_seed_2,0,5,5,10,mean,optimal,mse,0.6382095288085842,0.4520888410793178,0,10.994559526443481,True,True,False,20.0
synthetic_manifold_df_size_1000_targets_5_features_6_seed_2,0,5,5,10,mean,optimal,mse,0.6937473408143322,0.5784514750281686,0,9.769705295562744,True,True,False,20.0
synthetic_manifold_df_size_1000_targets_5_features_6_seed_2,1,5,5,10,sklearn,sklearn,sklearn,0.4386363847797784,0.0,200,0.002007722854614258,,,,
synthetic_manifold_df_size_1000_targets_5_features_6_seed_2,1,5,5,10,preprop_sklearn,preprop_sklearn,preprop_sklearn,0.7630307048428241,0.73955178211199,0,0.002007722854614258,,,,
synthetic_manifold_df_size_1000_targets_5_features_6_seed_2,1,5,5,10,mean,optimal,mse,0.6774902703232405,0.544537329395009,0,0.4969758987426758,True,True,False,
synthetic_manifold_df_size_1000_targets_5_features_6_seed_2,1,5,5,10,mean,optimal,mse,0.6921664296028931,0.5779959292487828,0,8.334033012390137,True,True,False,20.0
synthetic_manifold_df_size_1000_targets_5_features_6_seed_2,1,5,5,10,mean,optimal,mse,0.7591263420021248,0.7306506444586248,0,10.115569829940796,True,True,False,20.0
synthetic_manifold_df_size_1000_targets_5_features_6_seed_2,2,5,5,10,sklearn,sklearn,sklearn,0.45749637834974716,0.0,200,0.0,,,,
synthetic_manifold_df_size_1000_targets_5_features_6_seed_2,2,5,5,10,preprop_sklearn,preprop_sklearn,preprop_sklearn,0.7040653658388731,0.5389528729790922,0,0.01584911346435547,,,,
synthetic_manifold_df_size_1000_targets_5_features_6_seed_2,2,5,5,10,mean,optimal,mse,0.6240081903019689,0.3639631259002593,0,0.6880848407745361,True,True,False,
synthetic_manifold_df_size_1000_targets_5_features_6_seed_2,2,5,5,10,mean,optimal,mse,0.6165357107218725,0.34762970790239317,0,10.304213523864746,True,True,False,20.0
synthetic_manifold_df_size_1000_targets_5_features_6_seed_2,2,5,5,10,mean,optimal,mse,0.6847534576848365,0.4967407177185471,0,9.937528848648071,True,True,False,20.0
synthetic_manifold_df_size_1000_targets_5_features_6_seed_2,3,5,5,10,sklearn,sklearn,sklearn,0.42572316291398715,0.0,200,0.0035161972045898438,,,,
synthetic_manifold_df_size_1000_targets_5_features_6_seed_2,3,5,5,10,preprop_sklearn,preprop_sklearn,preprop_sklearn,0.694229337295597,0.6307060497806615,0,0.002008199691772461,,,,
synthetic_manifold_df_size_1000_targets_5_features_6_seed_2,3,5,5,10,mean,optimal,mse,0.6345753431055564,0.4905821397220184,0,0.690934419631958,True,True,False,
synthetic_manifold_df_size_1000_targets_5_features_6_seed_2,3,5,5,10,mean,optimal,mse,0.6303230361985774,0.48059370762010317,0,9.873179197311401,True,True,False,20.0
synthetic_manifold_df_size_1000_targets_5_features_6_seed_2,3,5,5,10,mean,optimal,mse,0.6979149239336552,0.6393632875330805,0,11.391808032989502,True,True,False,20.0
synthetic_manifold_df_size_1000_targets_5_features_6_seed_2,4,5,5,10,sklearn,sklearn,sklearn,0.4313785002214866,0.0,200,0.003281831741333008,,,,
synthetic_manifold_df_size_1000_targets_5_features_6_seed_2,4,5,5,10,preprop_sklearn,preprop_sklearn,preprop_sklearn,0.6836678517017087,0.5848445190260685,0,0.0030121803283691406,,,,
synthetic_manifold_df_size_1000_targets_5_features_6_seed_2,4,5,5,10,mean,optimal,mse,0.6061777676821819,0.40521089338236954,0,0.945364236831665,True,True,False,
synthetic_manifold_df_size_1000_targets_5_features_6_seed_2,4,5,5,10,mean,optimal,mse,0.5951556992976578,0.37966008735271123,0,9.832383394241333,True,True,False,20.0
synthetic_manifold_df_size_1000_targets_5_features_6_seed_2,4,5,5,10,mean,optimal,mse,0.652078722210309,0.5116161836426858,0,8.880704641342163,True,True,False,20.0
synthetic_manifold_df_size_1000_targets_9_features_6_seed_0,0,5,5,10,sklearn,sklearn,sklearn,0.7485923918048302,0.0,200,0.0032401084899902344,,,,
synthetic_manifold_df_size_1000_targets_9_features_6_seed_0,0,5,5,10,preprop_sklearn,preprop_sklearn,preprop_sklearn,1.0031122343863872,0.3399979018861233,0,0.0,,,,
synthetic_manifold_df_size_1000_targets_9_features_6_seed_0,0,5,5,10,mean,optimal,mse,0.9849907479576159,0.3157904872407767,0,0.558530330657959,True,True,False,
synthetic_manifold_df_size_1000_targets_9_features_6_seed_0,0,5,5,10,mean,optimal,mse,0.908657534478141,0.21382149274506967,0,8.446795463562012,True,True,False,20.0
synthetic_manifold_df_size_1000_targets_9_features_6_seed_0,0,5,5,10,mean,optimal,mse,1.0031315688648819,0.3400237296646398,0,8.304659843444824,True,True,False,20.0
synthetic_manifold_df_size_1000_targets_9_features_6_seed_0,1,5,5,10,sklearn,sklearn,sklearn,0.7484868878972526,0.0,200,0.00401616096496582,,,,
synthetic_manifold_df_size_1000_targets_9_features_6_seed_0,1,5,5,10,preprop_sklearn,preprop_sklearn,preprop_sklearn,1.002221776734921,0.33899710594863425,0,0.004015684127807617,,,,
synthetic_manifold_df_size_1000_targets_9_features_6_seed_0,1,5,5,10,mean,optimal,mse,0.9586219129960987,0.28074643456906095,0,0.5425055027008057,True,True,False,
synthetic_manifold_df_size_1000_targets_9_features_6_seed_0,1,5,5,10,mean,optimal,mse,0.8910693068502822,0.19049421073172143,0,8.427140474319458,True,True,False,20.0
synthetic_manifold_df_size_1000_targets_9_features_6_seed_0,1,5,5,10,mean,optimal,mse,0.9673929753493629,0.2924648260266655,0,8.336661100387573,True,True,False,20.0
synthetic_manifold_df_size_1000_targets_9_features_6_seed_0,2,5,5,10,sklearn,sklearn,sklearn,0.7733269097694052,0.0,200,0.0040323734283447266,,,,
synthetic_manifold_df_size_1000_targets_9_features_6_seed_0,2,5,5,10,preprop_sklearn,preprop_sklearn,preprop_sklearn,0.9806864214752379,0.26813952687572223,0,0.004015684127807617,,,,
synthetic_manifold_df_size_1000_targets_9_features_6_seed_0,2,5,5,10,mean,optimal,mse,0.980946628582488,0.2684760043782674,0,0.5507392883300781,True,True,False,
synthetic_manifold_df_size_1000_targets_9_features_6_seed_0,2,5,5,10,mean,optimal,mse,0.8870441699157392,0.14704940266496458,0,9.17465591430664,True,True,False,20.0
synthetic_manifold_df_size_1000_targets_9_features_6_seed_0,2,5,5,10,mean,optimal,mse,0.9723385472831387,0.2573447723073233,0,8.598286390304565,True,True,False,20.0
synthetic_manifold_df_size_1000_targets_9_features_6_seed_0,3,5,5,10,sklearn,sklearn,sklearn,0.7290929829568691,0.0,200,0.003002643585205078,,,,
synthetic_manifold_df_size_1000_targets_9_features_6_seed_0,3,5,5,10,preprop_sklearn,preprop_sklearn,preprop_sklearn,0.9810706101562704,0.3456042412827714,0,0.002560138702392578,,,,
synthetic_manifold_df_size_1000_targets_9_features_6_seed_0,3,5,5,10,mean,optimal,mse,0.950440013204468,0.3035923200768113,0,0.5679235458374023,True,True,False,
synthetic_manifold_df_size_1000_targets_9_features_6_seed_0,3,5,5,10,mean,optimal,mse,0.909835190592835,0.24790007840009357,0,10.845645427703857,True,True,False,20.0
synthetic_manifold_df_size_1000_targets_9_features_6_seed_0,3,5,5,10,mean,optimal,mse,0.985812286765772,0.35210776925566667,0,11.71310305595398,True,True,False,20.0
synthetic_manifold_df_size_1000_targets_9_features_6_seed_0,4,5,5,10,sklearn,sklearn,sklearn,0.7479933122970222,0.0,200,0.0040171146392822266,,,,
synthetic_manifold_df_size_1000_targets_9_features_6_seed_0,4,5,5,10,preprop_sklearn,preprop_sklearn,preprop_sklearn,1.0024708502721584,0.34021365404144854,0,0.002008676528930664,,,,
synthetic_manifold_df_size_1000_targets_9_features_6_seed_0,4,5,5,10,mean,optimal,mse,0.9462429018566111,0.26504192791614906,0,0.7407588958740234,True,True,False,
synthetic_manifold_df_size_1000_targets_9_features_6_seed_0,4,5,5,10,mean,optimal,mse,0.8881966353306563,0.18743927349174017,0,11.979198217391968,True,True,False,20.0
synthetic_manifold_df_size_1000_targets_9_features_6_seed_0,4,5,5,10,mean,optimal,mse,0.9746267201057294,0.3029885482702189,0,11.213464736938477,True,True,False,20.0
synthetic_manifold_df_size_1000_targets_9_features_6_seed_1,0,5,5,10,sklearn,sklearn,sklearn,0.34216602261179985,0.0,200,0.008363485336303711,,,,
synthetic_manifold_df_size_1000_targets_9_features_6_seed_1,0,5,5,10,preprop_sklearn,preprop_sklearn,preprop_sklearn,0.558949543507174,0.6335623836657889,0,0.0,,,,
synthetic_manifold_df_size_1000_targets_9_features_6_seed_1,0,5,5,10,mean,optimal,mse,0.5422374996079827,0.5847204683533743,0,0.8877198696136475,True,True,False,
synthetic_manifold_df_size_1000_targets_9_features_6_seed_1,0,5,5,10,mean,optimal,mse,0.5199175491450978,0.5194891216155723,0,13.411291360855103,True,True,False,20.0
synthetic_manifold_df_size_1000_targets_9_features_6_seed_1,0,5,5,10,mean,optimal,mse,0.5464458943931741,0.5970197456254663,0,11.46190071105957,True,True,False,20.0
synthetic_manifold_df_size_1000_targets_9_features_6_seed_1,1,5,5,10,sklearn,sklearn,sklearn,0.3169190380217221,0.0,200,0.007301807403564453,,,,
synthetic_manifold_df_size_1000_targets_9_features_6_seed_1,1,5,5,10,preprop_sklearn,preprop_sklearn,preprop_sklearn,0.5742940813448584,0.8121160689169308,0,0.0070264339447021484,,,,
synthetic_manifold_df_size_1000_targets_9_features_6_seed_1,1,5,5,10,mean,optimal,mse,0.5548169400503925,0.7506582864623126,0,0.8664102554321289,True,True,False,
synthetic_manifold_df_size_1000_targets_9_features_6_seed_1,1,5,5,10,mean,optimal,mse,0.5212188159071864,0.6446434368876928,0,13.977929592132568,True,True,False,20.0
synthetic_manifold_df_size_1000_targets_9_features_6_seed_1,1,5,5,10,mean,optimal,mse,0.5662133967160279,0.7866184381047464,0,9.244704484939575,True,True,False,20.0
synthetic_manifold_df_size_1000_targets_9_features_6_seed_1,2,5,5,10,sklearn,sklearn,sklearn,0.32155566050152845,0.0,200,0.0,,,,
synthetic_manifold_df_size_1000_targets_9_features_6_seed_1,2,5,5,10,preprop_sklearn,preprop_sklearn,preprop_sklearn,0.5503100034435541,0.7113988992923926,0,0.0,,,,
synthetic_manifold_df_size_1000_targets_9_features_6_seed_1,2,5,5,10,mean,optimal,mse,0.5326902920752443,0.6566036848625536,0,0.5653591156005859,True,True,False,
synthetic_manifold_df_size_1000_targets_9_features_6_seed_1,2,5,5,10,mean,optimal,mse,0.5097221683950516,0.5851755419265235,0,8.799941062927246,True,True,False,20.0
synthetic_manifold_df_size_1000_targets_9_features_6_seed_1,2,5,5,10,mean,optimal,mse,0.5350633116976468,0.6639834946867728,0,8.217445611953735,True,True,False,20.0
synthetic_manifold_df_size_1000_targets_9_features_6_seed_1,3,5,5,10,sklearn,sklearn,sklearn,0.3336424810830924,0.0,200,0.00401616096496582,,,,
synthetic_manifold_df_size_1000_targets_9_features_6_seed_1,3,5,5,10,preprop_sklearn,preprop_sklearn,preprop_sklearn,0.5561086724020431,0.6667801731864783,0,0.0020079612731933594,,,,
synthetic_manifold_df_size_1000_targets_9_features_6_seed_1,3,5,5,10,mean,optimal,mse,0.5481281672959532,0.6428608416907314,0,0.5423696041107178,True,True,False,
synthetic_manifold_df_size_1000_targets_9_features_6_seed_1,3,5,5,10,mean,optimal,mse,0.5152646606557577,0.5443616741581326,0,8.504662036895752,True,True,False,20.0
synthetic_manifold_df_size_1000_targets_9_features_6_seed_1,3,5,5,10,mean,optimal,mse,0.542002791377346,0.6245017409589464,0,8.421316146850586,True,True,False,20.0
synthetic_manifold_df_size_1000_targets_9_features_6_seed_1,4,5,5,10,sklearn,sklearn,sklearn,0.34669656254307085,0.0,200,0.002008199691772461,,,,
synthetic_manifold_df_size_1000_targets_9_features_6_seed_1,4,5,5,10,preprop_sklearn,preprop_sklearn,preprop_sklearn,0.5895817526406458,0.7005699402266234,0,0.002007722854614258,,,,
synthetic_manifold_df_size_1000_targets_9_features_6_seed_1,4,5,5,10,mean,optimal,mse,0.5663919219245426,0.6336819660684652,0,0.5991182327270508,True,True,False,
synthetic_manifold_df_size_1000_targets_9_features_6_seed_1,4,5,5,10,mean,optimal,mse,0.5402992945658872,0.5584212621051432,0,8.784256935119629,True,True,False,20.0
synthetic_manifold_df_size_1000_targets_9_features_6_seed_1,4,5,5,10,mean,optimal,mse,0.561678284674285,0.6200861080199103,0,8.444631576538086,True,True,False,20.0
synthetic_manifold_df_size_1000_targets_9_features_6_seed_2,0,5,5,10,sklearn,sklearn,sklearn,0.6876830066656318,0.0,200,0.006331443786621094,,,,
synthetic_manifold_df_size_1000_targets_9_features_6_seed_2,0,5,5,10,preprop_sklearn,preprop_sklearn,preprop_sklearn,1.3340012308837657,0.939849055383725,0,0.003749847412109375,,,,
synthetic_manifold_df_size_1000_targets_9_features_6_seed_2,0,5,5,10,mean,optimal,mse,1.3221692951196573,0.9226435469598978,0,0.5680153369903564,True,True,False,
synthetic_manifold_df_size_1000_targets_9_features_6_seed_2,0,5,5,10,mean,optimal,mse,1.2774228602437636,0.8575751441606841,0,8.658045530319214,True,True,False,20.0
synthetic_manifold_df_size_1000_targets_9_features_6_seed_2,0,5,5,10,mean,optimal,mse,1.324341141607961,0.925801755709063,0,8.999629020690918,True,True,False,20.0
synthetic_manifold_df_size_1000_targets_9_features_6_seed_2,1,5,5,10,sklearn,sklearn,sklearn,0.6884127200287712,0.0,200,0.0,,,,
synthetic_manifold_df_size_1000_targets_9_features_6_seed_2,1,5,5,10,preprop_sklearn,preprop_sklearn,preprop_sklearn,1.4007737325148673,1.0347876960442044,0,0.0,,,,
synthetic_manifold_df_size_1000_targets_9_features_6_seed_2,1,5,5,10,mean,optimal,mse,1.3271742309699173,0.9278758110606237,0,0.5648148059844971,True,True,False,
synthetic_manifold_df_size_1000_targets_9_features_6_seed_2,1,5,5,10,mean,optimal,mse,1.30968796501145,0.9024749643741525,0,8.590819358825684,True,True,False,20.0
synthetic_manifold_df_size_1000_targets_9_features_6_seed_2,1,5,5,10,mean,optimal,mse,1.3722404087661593,0.9933397057346769,0,8.503010272979736,True,True,False,20.0
synthetic_manifold_df_size_1000_targets_9_features_6_seed_2,2,5,5,10,sklearn,sklearn,sklearn,0.7111007891522794,0.0,200,0.004015684127807617,,,,
synthetic_manifold_df_size_1000_targets_9_features_6_seed_2,2,5,5,10,preprop_sklearn,preprop_sklearn,preprop_sklearn,1.3724256368007604,0.930001566215195,0,0.004015207290649414,,,,
synthetic_manifold_df_size_1000_targets_9_features_6_seed_2,2,5,5,10,mean,optimal,mse,1.319776060267916,0.8559620245130839,0,0.5579473972320557,True,True,False,
synthetic_manifold_df_size_1000_targets_9_features_6_seed_2,2,5,5,10,mean,optimal,mse,1.2851172627990088,0.8072223831041286,0,8.672996520996094,True,True,False,20.0
synthetic_manifold_df_size_1000_targets_9_features_6_seed_2,2,5,5,10,mean,optimal,mse,1.3333006731865857,0.8749812874994078,0,8.65981125831604,True,True,False,20.0
synthetic_manifold_df_size_1000_targets_9_features_6_seed_2,3,5,5,10,sklearn,sklearn,sklearn,0.6702371382738525,0.0,200,0.0034248828887939453,,,,
synthetic_manifold_df_size_1000_targets_9_features_6_seed_2,3,5,5,10,preprop_sklearn,preprop_sklearn,preprop_sklearn,1.2471905025569467,0.8608197477224199,0,0.0,,,,
synthetic_manifold_df_size_1000_targets_9_features_6_seed_2,3,5,5,10,mean,optimal,mse,1.2121497752926729,0.8085386590401085,0,0.5577168464660645,True,True,False,
synthetic_manifold_df_size_1000_targets_9_features_6_seed_2,3,5,5,10,mean,optimal,mse,1.1855979522606628,0.7689230938680675,0,10.03411865234375,True,True,False,20.0
synthetic_manifold_df_size_1000_targets_9_features_6_seed_2,3,5,5,10,mean,optimal,mse,1.2200211165115422,0.8202827728311488,0,9.125886917114258,True,True,False,20.0
synthetic_manifold_df_size_1000_targets_9_features_6_seed_2,4,5,5,10,sklearn,sklearn,sklearn,0.6983428180502808,0.0,200,0.002008199691772461,,,,
synthetic_manifold_df_size_1000_targets_9_features_6_seed_2,4,5,5,10,preprop_sklearn,preprop_sklearn,preprop_sklearn,1.284923988528429,0.8399616281811811,0,0.0,,,,
synthetic_manifold_df_size_1000_targets_9_features_6_seed_2,4,5,5,10,mean,optimal,mse,1.255963275874424,0.7984910038610785,0,0.5536530017852783,True,True,False,
synthetic_manifold_df_size_1000_targets_9_features_6_seed_2,4,5,5,10,mean,optimal,mse,1.2301241516330756,0.7614903738360013,0,8.544189691543579,True,True,False,20.0
synthetic_manifold_df_size_1000_targets_9_features_6_seed_2,4,5,5,10,mean,optimal,mse,1.2731711306521813,0.8231319886796815,0,8.536027431488037,True,True,False,20.0
synthetic_manifold_df_size_2000_targets_5_features_6_seed_0,0,5,5,10,sklearn,sklearn,sklearn,0.5101930569065487,0.0,400,0.004317045211791992,,,,
synthetic_manifold_df_size_2000_targets_5_features_6_seed_0,0,5,5,10,preprop_sklearn,preprop_sklearn,preprop_sklearn,0.5156666709444508,0.010728515341016754,0,0.004015207290649414,,,,
synthetic_manifold_df_size_2000_targets_5_features_6_seed_0,0,5,5,10,mean,optimal,mse,0.5119189103166033,0.003382745779644592,0,0.697608232498169,True,True,False,
synthetic_manifold_df_size_2000_targets_5_features_6_seed_0,0,5,5,10,mean,optimal,mse,0.42974879642760405,-0.15767415763495876,0,10.533273696899414,True,True,False,20.0
synthetic_manifold_df_size_2000_targets_5_features_6_seed_0,0,5,5,10,mean,optimal,mse,0.4599697572375092,-0.09843979448399043,0,10.457623481750488,True,True,False,20.0
synthetic_manifold_df_size_2000_targets_5_features_6_seed_0,1,5,5,10,sklearn,sklearn,sklearn,0.4873875837335886,0.0,400,0.0020079612731933594,,,,
synthetic_manifold_df_size_2000_targets_5_features_6_seed_0,1,5,5,10,preprop_sklearn,preprop_sklearn,preprop_sklearn,0.5008304329591559,0.027581435543740224,0,0.004016399383544922,,,,
synthetic_manifold_df_size_2000_targets_5_features_6_seed_0,1,5,5,10,mean,optimal,mse,0.5023119503466604,0.030621146519049736,0,0.6814351081848145,True,True,False,
synthetic_manifold_df_size_2000_targets_5_features_6_seed_0,1,5,5,10,mean,optimal,mse,0.4262390416026003,-0.12546183811775716,0,10.981545448303223,True,True,False,20.0
synthetic_manifold_df_size_2000_targets_5_features_6_seed_0,1,5,5,10,mean,optimal,mse,0.4816820534795957,-0.011706351258040258,0,10.44477105140686,True,True,False,20.0
synthetic_manifold_df_size_2000_targets_5_features_6_seed_0,2,5,5,10,sklearn,sklearn,sklearn,0.4697569904029172,0.0,400,0.0010843276977539062,,,,
synthetic_manifold_df_size_2000_targets_5_features_6_seed_0,2,5,5,10,preprop_sklearn,preprop_sklearn,preprop_sklearn,0.500855073430306,0.06620036244849821,0,0.0,,,,
synthetic_manifold_df_size_2000_targets_5_features_6_seed_0,2,5,5,10,mean,optimal,mse,0.4713876537899299,0.0034712913704894287,0,0.7775425910949707,True,True,False,
synthetic_manifold_df_size_2000_targets_5_features_6_seed_0,2,5,5,10,mean,optimal,mse,0.41890127516596876,-0.1082596241800016,0,10.498133182525635,True,True,False,20.0
synthetic_manifold_df_size_2000_targets_5_features_6_seed_0,2,5,5,10,mean,optimal,mse,0.4660855418697298,-0.007815633632270915,0,10.43473482131958,True,True,False,20.0
synthetic_manifold_df_size_2000_targets_5_features_6_seed_0,3,5,5,10,sklearn,sklearn,sklearn,0.4603248822033761,0.0,400,0.0020079612731933594,,,,
synthetic_manifold_df_size_2000_targets_5_features_6_seed_0,3,5,5,10,preprop_sklearn,preprop_sklearn,preprop_sklearn,0.483247193975361,0.04979594338299877,0,0.004015445709228516,,,,
synthetic_manifold_df_size_2000_targets_5_features_6_seed_0,3,5,5,10,mean,optimal,mse,0.472194168066432,0.025784584587830176,0,0.6978745460510254,True,True,False,
synthetic_manifold_df_size_2000_targets_5_features_6_seed_0,3,5,5,10,mean,optimal,mse,0.4078734976102577,-0.11394427418751793,0,10.733230590820312,True,True,False,20.0
synthetic_manifold_df_size_2000_targets_5_features_6_seed_0,3,5,5,10,mean,optimal,mse,0.46021420992535084,-0.00024042210687266676,0,10.490150213241577,True,True,False,20.0
synthetic_manifold_df_size_2000_targets_5_features_6_seed_0,4,5,5,10,sklearn,sklearn,sklearn,0.4486706909248753,0.0,400,0.004015922546386719,,,,
synthetic_manifold_df_size_2000_targets_5_features_6_seed_0,4,5,5,10,preprop_sklearn,preprop_sklearn,preprop_sklearn,0.5090598603289498,0.13459575279943106,0,0.004015445709228516,,,,
synthetic_manifold_df_size_2000_targets_5_features_6_seed_0,4,5,5,10,mean,optimal,mse,0.4795920332539246,0.06891767827604026,0,0.8039159774780273,True,True,False,
synthetic_manifold_df_size_2000_targets_5_features_6_seed_0,4,5,5,10,mean,optimal,mse,0.41474243925042203,-0.07561949634934853,0,11.447880744934082,True,True,False,20.0
synthetic_manifold_df_size_2000_targets_5_features_6_seed_0,4,5,5,10,mean,optimal,mse,0.4609755366161658,0.027425115881596067,0,10.49439787864685,True,True,False,20.0
synthetic_manifold_df_size_2000_targets_5_features_6_seed_1,0,5,5,10,sklearn,sklearn,sklearn,0.18498981534129993,0.0,400,0.0030546188354492188,,,,
synthetic_manifold_df_size_2000_targets_5_features_6_seed_1,0,5,5,10,preprop_sklearn,preprop_sklearn,preprop_sklearn,0.3996312409959105,1.1602877988639777,0,0.004016399383544922,,,,
synthetic_manifold_df_size_2000_targets_5_features_6_seed_1,0,5,5,10,mean,optimal,mse,0.3938567841462477,1.1290728001408903,0,0.7273108959197998,True,True,False,
synthetic_manifold_df_size_2000_targets_5_features_6_seed_1,0,5,5,10,mean,optimal,mse,0.43632499090657123,1.358643312884909,0,10.860236644744873,True,True,False,20.0
synthetic_manifold_df_size_2000_targets_5_features_6_seed_1,0,5,5,10,mean,optimal,mse,0.4701698400547568,1.5415985155037286,0,13.338288068771362,True,True,False,20.0
synthetic_manifold_df_size_2000_targets_5_features_6_seed_1,1,5,5,10,sklearn,sklearn,sklearn,0.20902284464607232,0.0,400,0.0021677017211914062,,,,
synthetic_manifold_df_size_2000_targets_5_features_6_seed_1,1,5,5,10,preprop_sklearn,preprop_sklearn,preprop_sklearn,0.47295616759533343,1.2627008468675558,0,0.0,,,,
synthetic_manifold_df_size_2000_targets_5_features_6_seed_1,1,5,5,10,mean,optimal,mse,0.4611810855390474,1.2063668988906058,0,0.7287261486053467,True,True,False,
synthetic_manifold_df_size_2000_targets_5_features_6_seed_1,1,5,5,10,mean,optimal,mse,0.49547960091195414,1.3704566921903891,0,11.19567322731018,True,True,False,20.0
synthetic_manifold_df_size_2000_targets_5_features_6_seed_1,1,5,5,10,mean,optimal,mse,0.5436044814414677,1.600694112463761,0,10.702720642089844,True,True,False,20.0
synthetic_manifold_df_size_2000_targets_5_features_6_seed_1,2,5,5,10,sklearn,sklearn,sklearn,0.1840859664407004,0.0,400,0.0,,,,
synthetic_manifold_df_size_2000_targets_5_features_6_seed_1,2,5,5,10,preprop_sklearn,preprop_sklearn,preprop_sklearn,0.4029394714803634,1.188865774350932,0,0.0,,,,
synthetic_manifold_df_size_2000_targets_5_features_6_seed_1,2,5,5,10,mean,optimal,mse,0.39188261927365586,1.1288022484858615,0,0.8727273941040039,True,True,False,
synthetic_manifold_df_size_2000_targets_5_features_6_seed_1,2,5,5,10,mean,optimal,mse,0.4295681310660724,1.3335191670053193,0,11.720542192459106,True,True,False,20.0
synthetic_manifold_df_size_2000_targets_5_features_6_seed_1,2,5,5,10,mean,optimal,mse,0.46378309702563697,1.5193832316111688,0,12.707808017730713,True,True,False,20.0
synthetic_manifold_df_size_2000_targets_5_features_6_seed_1,3,5,5,10,sklearn,sklearn,sklearn,0.17830714512893878,0.0,400,0.0,,,,
synthetic_manifold_df_size_2000_targets_5_features_6_seed_1,3,5,5,10,preprop_sklearn,preprop_sklearn,preprop_sklearn,0.41686414734063604,1.3378992863084098,0,0.0,,,,
synthetic_manifold_df_size_2000_targets_5_features_6_seed_1,3,5,5,10,mean,optimal,mse,0.40515457606755445,1.272228495243845,0,0.9925327301025391,True,True,False,
synthetic_manifold_df_size_2000_targets_5_features_6_seed_1,3,5,5,10,mean,optimal,mse,0.43720392145941256,1.4519708458304263,0,16.554940700531006,True,True,False,20.0
synthetic_manifold_df_size_2000_targets_5_features_6_seed_1,3,5,5,10,mean,optimal,mse,0.4822986469732625,1.7048756045333977,0,16.77558398246765,True,True,False,20.0
synthetic_manifold_df_size_2000_targets_5_features_6_seed_1,4,5,5,10,sklearn,sklearn,sklearn,0.18174659409521018,0.0,400,0.004009246826171875,,,,
synthetic_manifold_df_size_2000_targets_5_features_6_seed_1,4,5,5,10,preprop_sklearn,preprop_sklearn,preprop_sklearn,0.4163846297539296,1.2910175116448201,0,0.0030612945556640625,,,,
synthetic_manifold_df_size_2000_targets_5_features_6_seed_1,4,5,5,10,mean,optimal,mse,0.40997542959640787,1.2557530260051928,0,1.179964542388916,True,True,False,
synthetic_manifold_df_size_2000_targets_5_features_6_seed_1,4,5,5,10,mean,optimal,mse,0.44767145982837553,1.4631628562671017,0,17.139856100082397,True,True,False,20.0
synthetic_manifold_df_size_2000_targets_5_features_6_seed_1,4,5,5,10,mean,optimal,mse,0.4843473254766647,1.6649595712530019,0,16.758216381072998,True,True,False,20.0
synthetic_manifold_df_size_2000_targets_5_features_6_seed_2,0,5,5,10,sklearn,sklearn,sklearn,0.4576188490275577,0.0,400,0.01699209213256836,,,,
synthetic_manifold_df_size_2000_targets_5_features_6_seed_2,0,5,5,10,preprop_sklearn,preprop_sklearn,preprop_sklearn,0.655267961474237,0.4319077172338612,0,0.0,,,,
synthetic_manifold_df_size_2000_targets_5_features_6_seed_2,0,5,5,10,mean,optimal,mse,0.6231319537155043,0.36168332016843896,0,1.0611200332641602,True,True,False,
synthetic_manifold_df_size_2000_targets_5_features_6_seed_2,0,5,5,10,mean,optimal,mse,0.597073332977556,0.3047393791718585,0,14.302517890930176,True,True,False,20.0
synthetic_manifold_df_size_2000_targets_5_features_6_seed_2,0,5,5,10,mean,optimal,mse,0.6541714000523338,0.42951148415859886,0,16.528566360473633,True,True,False,20.0
synthetic_manifold_df_size_2000_targets_5_features_6_seed_2,1,5,5,10,sklearn,sklearn,sklearn,0.4198248217024142,0.0,400,0.00518345832824707,,,,
synthetic_manifold_df_size_2000_targets_5_features_6_seed_2,1,5,5,10,preprop_sklearn,preprop_sklearn,preprop_sklearn,0.6999671431928945,0.6672838455679844,0,0.005025386810302734,,,,
synthetic_manifold_df_size_2000_targets_5_features_6_seed_2,1,5,5,10,mean,optimal,mse,0.622451304082762,0.48264531277280254,0,1.0508551597595215,True,True,False,
synthetic_manifold_df_size_2000_targets_5_features_6_seed_2,1,5,5,10,mean,optimal,mse,0.6402537217596775,0.5250497080268176,0,15.511646032333374,True,True,False,20.0
synthetic_manifold_df_size_2000_targets_5_features_6_seed_2,1,5,5,10,mean,optimal,mse,0.7037725583266079,0.6763481384277591,0,17.87751793861389,True,True,False,20.0
synthetic_manifold_df_size_2000_targets_5_features_6_seed_2,2,5,5,10,sklearn,sklearn,sklearn,0.4565688437542752,0.0,400,0.0,,,,
synthetic_manifold_df_size_2000_targets_5_features_6_seed_2,2,5,5,10,preprop_sklearn,preprop_sklearn,preprop_sklearn,0.7433536277397966,0.6281304296354235,0,0.0,,,,
synthetic_manifold_df_size_2000_targets_5_features_6_seed_2,2,5,5,10,mean,optimal,mse,0.6886459561050675,0.5083069410572745,0,1.1245734691619873,True,True,False,
synthetic_manifold_df_size_2000_targets_5_features_6_seed_2,2,5,5,10,mean,optimal,mse,0.6796314238254411,0.48856285995550297,0,14.907215118408203,True,True,False,20.0
synthetic_manifold_df_size_2000_targets_5_features_6_seed_2,2,5,5,10,mean,optimal,mse,0.7572364525316932,0.658537289371495,0,14.54586911201477,True,True,False,20.0
synthetic_manifold_df_size_2000_targets_5_features_6_seed_2,3,5,5,10,sklearn,sklearn,sklearn,0.4340704473821357,0.0,400,0.0010902881622314453,,,,
synthetic_manifold_df_size_2000_targets_5_features_6_seed_2,3,5,5,10,preprop_sklearn,preprop_sklearn,preprop_sklearn,0.729446746673492,0.6804800950462323,0,0.0,,,,
synthetic_manifold_df_size_2000_targets_5_features_6_seed_2,3,5,5,10,mean,optimal,mse,0.6539072327309944,0.5064541635457723,0,0.7887365818023682,True,True,False,
synthetic_manifold_df_size_2000_targets_5_features_6_seed_2,3,5,5,10,mean,optimal,mse,0.6387051452811788,0.4714319971174913,0,10.174389123916626,True,True,False,20.0
synthetic_manifold_df_size_2000_targets_5_features_6_seed_2,3,5,5,10,mean,optimal,mse,0.6965515578579987,0.6046970303066652,0,10.368864059448242,True,True,False,20.0
synthetic_manifold_df_size_2000_targets_5_features_6_seed_2,4,5,5,10,sklearn,sklearn,sklearn,0.4320429091754536,0.0,400,0.004015922546386719,,,,
synthetic_manifold_df_size_2000_targets_5_features_6_seed_2,4,5,5,10,preprop_sklearn,preprop_sklearn,preprop_sklearn,0.7389860314997814,0.7104459205455388,0,0.0035147666931152344,,,,
synthetic_manifold_df_size_2000_targets_5_features_6_seed_2,4,5,5,10,mean,optimal,mse,0.6599167109625944,0.5274332640293391,0,0.7971158027648926,True,True,False,
synthetic_manifold_df_size_2000_targets_5_features_6_seed_2,4,5,5,10,mean,optimal,mse,0.6551172061117468,0.5163244025044332,0,10.421872615814209,True,True,False,20.0
synthetic_manifold_df_size_2000_targets_5_features_6_seed_2,4,5,5,10,mean,optimal,mse,0.7278567979816823,0.6846863645344495,0,13.170718669891357,True,True,False,20.0
synthetic_manifold_df_size_2000_targets_9_features_6_seed_0,0,5,5,10,sklearn,sklearn,sklearn,0.722696093212743,0.0,400,0.003748655319213867,,,,
synthetic_manifold_df_size_2000_targets_9_features_6_seed_0,0,5,5,10,preprop_sklearn,preprop_sklearn,preprop_sklearn,0.9951483623861535,0.37699424658880454,0,0.004324436187744141,,,,
synthetic_manifold_df_size_2000_targets_9_features_6_seed_0,0,5,5,10,mean,optimal,mse,0.9731433986271105,0.3465458133321365,0,1.3966615200042725,True,True,False,
synthetic_manifold_df_size_2000_targets_9_features_6_seed_0,0,5,5,10,mean,optimal,mse,0.9018695258946197,0.24792362151199934,0,18.937203884124756,True,True,False,20.0
synthetic_manifold_df_size_2000_targets_9_features_6_seed_0,0,5,5,10,mean,optimal,mse,0.9888949018121017,0.36834128632960067,0,17.097223043441772,True,True,False,20.0
synthetic_manifold_df_size_2000_targets_9_features_6_seed_0,1,5,5,10,sklearn,sklearn,sklearn,0.6828363691884278,0.0,400,0.005180835723876953,,,,
synthetic_manifold_df_size_2000_targets_9_features_6_seed_0,1,5,5,10,preprop_sklearn,preprop_sklearn,preprop_sklearn,1.010766902694752,0.48024760880279366,0,0.004206418991088867,,,,
synthetic_manifold_df_size_2000_targets_9_features_6_seed_0,1,5,5,10,mean,optimal,mse,0.9661602748249055,0.4149221078736871,0,1.3774008750915527,True,True,False,
synthetic_manifold_df_size_2000_targets_9_features_6_seed_0,1,5,5,10,mean,optimal,mse,0.9318236646616267,0.36463683937797275,0,18.70248508453369,True,True,False,20.0
synthetic_manifold_df_size_2000_targets_9_features_6_seed_0,1,5,5,10,mean,optimal,mse,1.0113417374939955,0.481089442696215,0,17.845667600631714,True,True,False,20.0
synthetic_manifold_df_size_2000_targets_9_features_6_seed_0,2,5,5,10,sklearn,sklearn,sklearn,0.6894342864625868,0.0,400,0.0038061141967773438,,,,
synthetic_manifold_df_size_2000_targets_9_features_6_seed_0,2,5,5,10,preprop_sklearn,preprop_sklearn,preprop_sklearn,0.9886746974534506,0.43403761151223597,0,0.005201101303100586,,,,
synthetic_manifold_df_size_2000_targets_9_features_6_seed_0,2,5,5,10,mean,optimal,mse,0.9549851961103245,0.38517218371927936,0,1.2480554580688477,True,True,False,
synthetic_manifold_df_size_2000_targets_9_features_6_seed_0,2,5,5,10,mean,optimal,mse,0.9062263605089521,0.3144492206192735,0,17.67129683494568,True,True,False,20.0
synthetic_manifold_df_size_2000_targets_9_features_6_seed_0,2,5,5,10,mean,optimal,mse,0.9921041836838419,0.4390119597535856,0,17.521814584732056,True,True,False,20.0
synthetic_manifold_df_size_2000_targets_9_features_6_seed_0,3,5,5,10,sklearn,sklearn,sklearn,0.6858123844537043,0.0,400,0.005010366439819336,,,,
synthetic_manifold_df_size_2000_targets_9_features_6_seed_0,3,5,5,10,preprop_sklearn,preprop_sklearn,preprop_sklearn,0.9888514898342662,0.441868814635001,0,0.005016326904296875,,,,
synthetic_manifold_df_size_2000_targets_9_features_6_seed_0,3,5,5,10,mean,optimal,mse,0.9468755949692726,0.3806627241406887,0,1.284517765045166,True,True,False,
synthetic_manifold_df_size_2000_targets_9_features_6_seed_0,3,5,5,10,mean,optimal,mse,0.9002071722033526,0.3126143426535351,0,17.539469718933105,True,True,False,20.0
synthetic_manifold_df_size_2000_targets_9_features_6_seed_0,3,5,5,10,mean,optimal,mse,0.9799134507570327,0.42883603879157084,0,17.18298625946045,True,True,False,20.0
synthetic_manifold_df_size_2000_targets_9_features_6_seed_0,4,5,5,10,sklearn,sklearn,sklearn,0.7094045278672261,0.0,400,0.004258155822753906,,,,
synthetic_manifold_df_size_2000_targets_9_features_6_seed_0,4,5,5,10,preprop_sklearn,preprop_sklearn,preprop_sklearn,0.971077359910203,0.3688626471410855,0,0.005323886871337891,,,,
synthetic_manifold_df_size_2000_targets_9_features_6_seed_0,4,5,5,10,mean,optimal,mse,0.9720878916383067,0.37028712596580027,0,1.1333177089691162,True,True,False,
synthetic_manifold_df_size_2000_targets_9_features_6_seed_0,4,5,5,10,mean,optimal,mse,0.8963837633893648,0.26357209205342735,0,18.903504610061646,True,True,False,20.0
synthetic_manifold_df_size_2000_targets_9_features_6_seed_0,4,5,5,10,mean,optimal,mse,0.987745700464408,0.3923588892701245,0,17.467944145202637,True,True,False,20.0
synthetic_manifold_df_size_2000_targets_9_features_6_seed_1,0,5,5,10,sklearn,sklearn,sklearn,0.33212978339686267,0.0,400,0.0,,,,
synthetic_manifold_df_size_2000_targets_9_features_6_seed_1,0,5,5,10,preprop_sklearn,preprop_sklearn,preprop_sklearn,0.5762949245567769,0.7351497919358853,0,0.0,,,,
synthetic_manifold_df_size_2000_targets_9_features_6_seed_1,0,5,5,10,mean,optimal,mse,0.5609699702112656,0.6890083282322238,0,1.161546230316162,True,True,False,
synthetic_manifold_df_size_2000_targets_9_features_6_seed_1,0,5,5,10,mean,optimal,mse,0.5355565902992637,0.6124919145216371,0,16.079511165618896,True,True,False,20.0
synthetic_manifold_df_size_2000_targets_9_features_6_seed_1,0,5,5,10,mean,optimal,mse,0.5687347911551495,0.7123872039972005,0,12.028858423233032,True,True,False,20.0
synthetic_manifold_df_size_2000_targets_9_features_6_seed_1,1,5,5,10,sklearn,sklearn,sklearn,0.3414982338576256,0.0,400,0.004065275192260742,,,,
synthetic_manifold_df_size_2000_targets_9_features_6_seed_1,1,5,5,10,preprop_sklearn,preprop_sklearn,preprop_sklearn,0.6177372194899052,0.8089031164578341,0,0.0,,,,
synthetic_manifold_df_size_2000_targets_9_features_6_seed_1,1,5,5,10,mean,optimal,mse,0.5944028769843447,0.7405737952722701,0,0.8099851608276367,True,True,False,
synthetic_manifold_df_size_2000_targets_9_features_6_seed_1,1,5,5,10,mean,optimal,mse,0.5597492323299309,0.6390984691396575,0,12.524869918823242,True,True,False,20.0
synthetic_manifold_df_size_2000_targets_9_features_6_seed_1,1,5,5,10,mean,optimal,mse,0.594868261828157,0.7419365690663107,0,12.536155462265015,True,True,False,20.0
synthetic_manifold_df_size_2000_targets_9_features_6_seed_1,2,5,5,10,sklearn,sklearn,sklearn,0.32668221539018566,0.0,400,0.00401616096496582,,,,
synthetic_manifold_df_size_2000_targets_9_features_6_seed_1,2,5,5,10,preprop_sklearn,preprop_sklearn,preprop_sklearn,0.5669242669256486,0.7353998479792371,0,0.004017353057861328,,,,
synthetic_manifold_df_size_2000_targets_9_features_6_seed_1,2,5,5,10,mean,optimal,mse,0.5484208415599884,0.6787594050841137,0,0.9338085651397705,True,True,False,
synthetic_manifold_df_size_2000_targets_9_features_6_seed_1,2,5,5,10,mean,optimal,mse,0.5223280856163877,0.5988874233405229,0,16.67362093925476,True,True,False,20.0
synthetic_manifold_df_size_2000_targets_9_features_6_seed_1,2,5,5,10,mean,optimal,mse,0.5492485617821283,0.6812931218986373,0,19.225441217422485,True,True,False,20.0
synthetic_manifold_df_size_2000_targets_9_features_6_seed_1,3,5,5,10,sklearn,sklearn,sklearn,0.31745349366813247,0.0,400,0.0053997039794921875,,,,
synthetic_manifold_df_size_2000_targets_9_features_6_seed_1,3,5,5,10,preprop_sklearn,preprop_sklearn,preprop_sklearn,0.560007734679,0.7640622826612675,0,0.005196571350097656,,,,
synthetic_manifold_df_size_2000_targets_9_features_6_seed_1,3,5,5,10,mean,optimal,mse,0.5374968152558861,0.6931513622520975,0,1.1357216835021973,True,True,False,
synthetic_manifold_df_size_2000_targets_9_features_6_seed_1,3,5,5,10,mean,optimal,mse,0.5171387746767191,0.6290221559739351,0,18.74846053123474,True,True,False,20.0
synthetic_manifold_df_size_2000_targets_9_features_6_seed_1,3,5,5,10,mean,optimal,mse,0.5422219398930752,0.7080358247999528,0,19.71572709083557,True,True,False,20.0
synthetic_manifold_df_size_2000_targets_9_features_6_seed_1,4,5,5,10,sklearn,sklearn,sklearn,0.31710140511996554,0.0,400,0.004302263259887695,,,,
synthetic_manifold_df_size_2000_targets_9_features_6_seed_1,4,5,5,10,preprop_sklearn,preprop_sklearn,preprop_sklearn,0.5760017860162585,0.8164592673386167,0,0.004597187042236328,,,,
synthetic_manifold_df_size_2000_targets_9_features_6_seed_1,4,5,5,10,mean,optimal,mse,0.5477228031844442,0.7272796472700277,0,1.3440208435058594,True,True,False,
synthetic_manifold_df_size_2000_targets_9_features_6_seed_1,4,5,5,10,mean,optimal,mse,0.5159364745914982,0.6270393831787326,0,19.259429931640625,True,True,False,20.0
synthetic_manifold_df_size_2000_targets_9_features_6_seed_1,4,5,5,10,mean,optimal,mse,0.547423087524697,0.7263344743540205,0,18.645487546920776,True,True,False,20.0
synthetic_manifold_df_size_2000_targets_9_features_6_seed_2,0,5,5,10,sklearn,sklearn,sklearn,0.7013342475617564,0.0,400,0.0,,,,
synthetic_manifold_df_size_2000_targets_9_features_6_seed_2,0,5,5,10,preprop_sklearn,preprop_sklearn,preprop_sklearn,1.3700301424375896,0.9534624855418182,0,0.0035958290100097656,,,,
synthetic_manifold_df_size_2000_targets_9_features_6_seed_2,0,5,5,10,mean,optimal,mse,1.3469108988858558,0.9204978276314001,0,1.1997361183166504,True,True,False,
synthetic_manifold_df_size_2000_targets_9_features_6_seed_2,0,5,5,10,mean,optimal,mse,1.3113113269057484,0.869738047820458,0,18.696284532546997,True,True,False,20.0
synthetic_manifold_df_size_2000_targets_9_features_6_seed_2,0,5,5,10,mean,optimal,mse,1.3666499382723516,0.9486428090794331,0,18.400914907455444,True,True,False,20.0
synthetic_manifold_df_size_2000_targets_9_features_6_seed_2,1,5,5,10,sklearn,sklearn,sklearn,0.6496113499624298,0.0,400,0.0055387020111083984,,,,
synthetic_manifold_df_size_2000_targets_9_features_6_seed_2,1,5,5,10,preprop_sklearn,preprop_sklearn,preprop_sklearn,1.3621978293688988,1.0969427788595156,0,0.005020618438720703,,,,
synthetic_manifold_df_size_2000_targets_9_features_6_seed_2,1,5,5,10,mean,optimal,mse,1.3177517171072912,1.0285232349827376,0,1.3108155727386475,True,True,False,
synthetic_manifold_df_size_2000_targets_9_features_6_seed_2,1,5,5,10,mean,optimal,mse,1.2913620822599867,0.9878995068892694,0,18.035645484924316,True,True,False,20.0
synthetic_manifold_df_size_2000_targets_9_features_6_seed_2,1,5,5,10,mean,optimal,mse,1.3388097593762258,1.0609396055867186,0,18.681045055389404,True,True,False,20.0
synthetic_manifold_df_size_2000_targets_9_features_6_seed_2,2,5,5,10,sklearn,sklearn,sklearn,0.6964032260313989,0.0,400,0.005318641662597656,,,,
synthetic_manifold_df_size_2000_targets_9_features_6_seed_2,2,5,5,10,preprop_sklearn,preprop_sklearn,preprop_sklearn,1.3894789257025333,0.995221839537954,0,0.0051975250244140625,,,,
synthetic_manifold_df_size_2000_targets_9_features_6_seed_2,2,5,5,10,mean,optimal,mse,1.3648655220953934,0.9598782301359633,0,1.385758638381958,True,True,False,
synthetic_manifold_df_size_2000_targets_9_features_6_seed_2,2,5,5,10,mean,optimal,mse,1.3320967026843642,0.9128238538979766,0,19.03956961631775,True,True,False,20.0
synthetic_manifold_df_size_2000_targets_9_features_6_seed_2,2,5,5,10,mean,optimal,mse,1.3784375102240658,0.9793669223495467,0,18.44921612739563,True,True,False,20.0
synthetic_manifold_df_size_2000_targets_9_features_6_seed_2,3,5,5,10,sklearn,sklearn,sklearn,0.6702824973754984,0.0,400,0.0051975250244140625,,,,
synthetic_manifold_df_size_2000_targets_9_features_6_seed_2,3,5,5,10,preprop_sklearn,preprop_sklearn,preprop_sklearn,1.3663510837942658,1.038470479453417,0,0.005077362060546875,,,,
synthetic_manifold_df_size_2000_targets_9_features_6_seed_2,3,5,5,10,mean,optimal,mse,1.297803723983552,0.93620410657465,0,1.2625055313110352,True,True,False,
synthetic_manifold_df_size_2000_targets_9_features_6_seed_2,3,5,5,10,mean,optimal,mse,1.2642067821222696,0.8860805512187637,0,18.161173105239868,True,True,False,20.0
synthetic_manifold_df_size_2000_targets_9_features_6_seed_2,3,5,5,10,mean,optimal,mse,1.3215534384820862,0.9716365020072124,0,18.898910522460938,True,True,False,20.0
synthetic_manifold_df_size_2000_targets_9_features_6_seed_2,4,5,5,10,sklearn,sklearn,sklearn,0.7029013656397376,0.0,400,0.002460002899169922,,,,
synthetic_manifold_df_size_2000_targets_9_features_6_seed_2,4,5,5,10,preprop_sklearn,preprop_sklearn,preprop_sklearn,1.3864787532380616,0.9725082650482175,0,0.01791691780090332,,,,
synthetic_manifold_df_size_2000_targets_9_features_6_seed_2,4,5,5,10,mean,optimal,mse,1.3657998630434989,0.9430889308351703,0,1.2805988788604736,True,True,False,
synthetic_manifold_df_size_2000_targets_9_features_6_seed_2,4,5,5,10,mean,optimal,mse,1.3370989878092732,0.9022569213424815,0,19.092894554138184,True,True,False,20.0
synthetic_manifold_df_size_2000_targets_9_features_6_seed_2,4,5,5,10,mean,optimal,mse,1.3790930710947098,0.9620008418102077,0,17.993463039398193,True,True,False,20.0
synthetic_manifold_df_size_500_targets_5_features_6_seed_0,0,7,5,10,sklearn,sklearn,sklearn,0.4960122131943572,0.0,100,0.015923500061035156,,,,
synthetic_manifold_df_size_500_targets_5_features_6_seed_0,0,7,5,10,preprop_sklearn,preprop_sklearn,preprop_sklearn,0.5598912138098082,0.12878513656763674,0,0.0,,,,
synthetic_manifold_df_size_500_targets_5_features_6_seed_0,0,7,5,10,mean,optimal,mse,0.510502409953668,0.029213387037373244,0,0.8549413681030273,True,True,False,
synthetic_manifold_df_size_500_targets_5_features_6_seed_0,0,7,5,10,mean,optimal,mse,0.4422639010070517,-0.10836086442541841,0,12.183128356933594,True,True,False,20.0
synthetic_manifold_df_size_500_targets_5_features_6_seed_0,0,7,5,10,mean,optimal,mse,0.5202705543074435,0.0489067415434405,0,12.554590940475464,True,True,False,20.0
synthetic_manifold_df_size_500_targets_5_features_6_seed_0,1,7,5,10,sklearn,sklearn,sklearn,0.5221503316190751,0.0,100,0.002379179000854492,,,,
synthetic_manifold_df_size_500_targets_5_features_6_seed_0,1,7,5,10,preprop_sklearn,preprop_sklearn,preprop_sklearn,0.47561630868918414,-0.08911997199273823,0,0.003663778305053711,,,,
synthetic_manifold_df_size_500_targets_5_features_6_seed_0,1,7,5,10,mean,optimal,mse,0.49800983706447904,-0.04623284347965768,0,0.9468255043029785,True,True,False,
synthetic_manifold_df_size_500_targets_5_features_6_seed_0,1,7,5,10,mean,optimal,mse,0.3927839896104407,-0.24775688949099656,0,12.66786241531372,True,True,False,20.0
synthetic_manifold_df_size_500_targets_5_features_6_seed_0,1,7,5,10,mean,optimal,mse,0.4196936495100929,-0.19622065888819068,0,12.586641788482666,True,True,False,20.0
synthetic_manifold_df_size_500_targets_5_features_6_seed_0,2,7,5,10,sklearn,sklearn,sklearn,0.5168214777891937,0.0,100,0.003015756607055664,,,,
synthetic_manifold_df_size_500_targets_5_features_6_seed_0,2,7,5,10,preprop_sklearn,preprop_sklearn,preprop_sklearn,0.5087328563342666,-0.015650706873731043,0,0.002740621566772461,,,,
synthetic_manifold_df_size_500_targets_5_features_6_seed_0,2,7,5,10,mean,optimal,mse,0.5295317542290621,0.02459316608558734,0,0.889946699142456,True,True,False,
synthetic_manifold_df_size_500_targets_5_features_6_seed_0,2,7,5,10,mean,optimal,mse,0.4019994835084056,-0.2221695483166876,0,12.876682043075562,True,True,False,20.0
synthetic_manifold_df_size_500_targets_5_features_6_seed_0,2,7,5,10,mean,optimal,mse,0.42695499106160995,-0.17388303425779728,0,12.59743332862854,True,True,False,20.0
synthetic_manifold_df_size_500_targets_5_features_6_seed_0,3,7,5,10,sklearn,sklearn,sklearn,0.5811691494828359,0.0,100,0.004042863845825195,,,,
synthetic_manifold_df_size_500_targets_5_features_6_seed_0,3,7,5,10,preprop_sklearn,preprop_sklearn,preprop_sklearn,0.5497299099054997,-0.054096539028805936,0,0.003853321075439453,,,,
synthetic_manifold_df_size_500_targets_5_features_6_seed_0,3,7,5,10,mean,optimal,mse,0.5817867495264841,0.0010626855265765136,0,0.9550762176513672,True,True,False,
synthetic_manifold_df_size_500_targets_5_features_6_seed_0,3,7,5,10,mean,optimal,mse,0.4700159145134567,-0.19125797552793533,0,13.168689727783203,True,True,False,20.0
synthetic_manifold_df_size_500_targets_5_features_6_seed_0,3,7,5,10,mean,optimal,mse,0.5085121782645249,-0.12501863060516236,0,11.7242112159729,True,True,False,20.0
synthetic_manifold_df_size_500_targets_5_features_6_seed_0,4,7,5,10,sklearn,sklearn,sklearn,0.5103890540853282,0.0,100,0.003843069076538086,,,,
synthetic_manifold_df_size_500_targets_5_features_6_seed_0,4,7,5,10,preprop_sklearn,preprop_sklearn,preprop_sklearn,0.47809388783975865,-0.06327558553042628,0,0.0,,,,
synthetic_manifold_df_size_500_targets_5_features_6_seed_0,4,7,5,10,mean,optimal,mse,0.4742978593833353,-0.07071310486207856,0,0.8015921115875244,True,True,False,
synthetic_manifold_df_size_500_targets_5_features_6_seed_0,4,7,5,10,mean,optimal,mse,0.34808774510069185,-0.31799527769163793,0,12.411674976348877,True,True,False,20.0
synthetic_manifold_df_size_500_targets_5_features_6_seed_0,4,7,5,10,mean,optimal,mse,0.36705859409377395,-0.28082588927855784,0,12.50468111038208,True,True,False,20.0
synthetic_manifold_df_size_500_targets_5_features_6_seed_1,0,7,5,10,sklearn,sklearn,sklearn,0.20108273525699766,0.0,100,0.0,,,,
synthetic_manifold_df_size_500_targets_5_features_6_seed_1,0,7,5,10,preprop_sklearn,preprop_sklearn,preprop_sklearn,0.4599938407089315,1.287584959101673,0,0.0035724639892578125,,,,
synthetic_manifold_df_size_500_targets_5_features_6_seed_1,0,7,5,10,mean,optimal,mse,0.47182000078707037,1.3463973681482488,0,0.9924991130828857,True,True,False,
synthetic_manifold_df_size_500_targets_5_features_6_seed_1,0,7,5,10,mean,optimal,mse,0.4977078401684979,1.4751395963079217,0,13.021862983703613,True,True,False,20.0
synthetic_manifold_df_size_500_targets_5_features_6_seed_1,0,7,5,10,mean,optimal,mse,0.5220822546216565,1.5963554452071642,0,12.613037824630737,True,True,False,20.0
synthetic_manifold_df_size_500_targets_5_features_6_seed_1,1,7,5,10,sklearn,sklearn,sklearn,0.19252397211708713,0.0,100,0.011875629425048828,,,,
synthetic_manifold_df_size_500_targets_5_features_6_seed_1,1,7,5,10,preprop_sklearn,preprop_sklearn,preprop_sklearn,0.41362736859133375,1.1484460560567407,0,0.0,,,,
synthetic_manifold_df_size_500_targets_5_features_6_seed_1,1,7,5,10,mean,optimal,mse,0.4067544296283761,1.112746922658549,0,0.8981525897979736,True,True,False,
synthetic_manifold_df_size_500_targets_5_features_6_seed_1,1,7,5,10,mean,optimal,mse,0.452684643908133,1.351315729309928,0,13.082027196884155,True,True,False,20.0
synthetic_manifold_df_size_500_targets_5_features_6_seed_1,1,7,5,10,mean,optimal,mse,0.47849926427024636,1.485400955571589,0,12.23727297782898,True,True,False,20.0
synthetic_manifold_df_size_500_targets_5_features_6_seed_1,2,7,5,10,sklearn,sklearn,sklearn,0.19484664046318956,0.0,100,0.003108978271484375,,,,
synthetic_manifold_df_size_500_targets_5_features_6_seed_1,2,7,5,10,preprop_sklearn,preprop_sklearn,preprop_sklearn,0.4396769591591462,1.2565283040751734,0,0.004158973693847656,,,,
synthetic_manifold_df_size_500_targets_5_features_6_seed_1,2,7,5,10,mean,optimal,mse,0.4412341721869941,1.2645202972865839,0,0.9854216575622559,True,True,False,
synthetic_manifold_df_size_500_targets_5_features_6_seed_1,2,7,5,10,mean,optimal,mse,0.4382354432572879,1.2491300964466945,0,13.598242282867432,True,True,False,20.0
synthetic_manifold_df_size_500_targets_5_features_6_seed_1,2,7,5,10,mean,optimal,mse,0.48474490669068393,1.487827891403968,0,12.346092700958252,True,True,False,20.0
synthetic_manifold_df_size_500_targets_5_features_6_seed_1,3,7,5,10,sklearn,sklearn,sklearn,0.19779403310239368,0.0,100,0.015943527221679688,,,,
synthetic_manifold_df_size_500_targets_5_features_6_seed_1,3,7,5,10,preprop_sklearn,preprop_sklearn,preprop_sklearn,0.437232524290393,1.21054456210035,0,0.0,,,,
synthetic_manifold_df_size_500_targets_5_features_6_seed_1,3,7,5,10,mean,optimal,mse,0.4328284523151081,1.1882786124849487,0,0.8675799369812012,True,True,False,
synthetic_manifold_df_size_500_targets_5_features_6_seed_1,3,7,5,10,mean,optimal,mse,0.4844394602439608,1.449211700906958,0,12.283310651779175,True,True,False,20.0
synthetic_manifold_df_size_500_targets_5_features_6_seed_1,3,7,5,10,mean,optimal,mse,0.4949730849421551,1.502467224003255,0,12.323252439498901,True,True,False,20.0
synthetic_manifold_df_size_500_targets_5_features_6_seed_1,4,7,5,10,sklearn,sklearn,sklearn,0.2331589099827486,0.0,100,0.0031294822692871094,,,,
synthetic_manifold_df_size_500_targets_5_features_6_seed_1,4,7,5,10,preprop_sklearn,preprop_sklearn,preprop_sklearn,0.43577077225296473,0.8689861446221693,0,0.003208160400390625,,,,
synthetic_manifold_df_size_500_targets_5_features_6_seed_1,4,7,5,10,mean,optimal,mse,0.4508564566686619,0.9336874439069076,0,0.9624173641204834,True,True,False,
synthetic_manifold_df_size_500_targets_5_features_6_seed_1,4,7,5,10,mean,optimal,mse,0.4730980748936481,1.0290799735195733,0,13.329912900924683,True,True,False,20.0
synthetic_manifold_df_size_500_targets_5_features_6_seed_1,4,7,5,10,mean,optimal,mse,0.4884825683370475,1.0950628409319219,0,12.371546268463135,True,True,False,20.0
synthetic_manifold_df_size_500_targets_5_features_6_seed_2,0,7,5,10,sklearn,sklearn,sklearn,0.572894885966582,0.0,100,0.0051801204681396484,,,,
synthetic_manifold_df_size_500_targets_5_features_6_seed_2,0,7,5,10,preprop_sklearn,preprop_sklearn,preprop_sklearn,0.6186181813044783,0.07981096787197266,0,0.004152059555053711,,,,
synthetic_manifold_df_size_500_targets_5_features_6_seed_2,0,7,5,10,mean,optimal,mse,0.6827374217142386,0.19173244243982288,0,0.9173572063446045,True,True,False,
synthetic_manifold_df_size_500_targets_5_features_6_seed_2,0,7,5,10,mean,optimal,mse,0.6490144099152053,0.13286822035458615,0,12.770874738693237,True,True,False,20.0
synthetic_manifold_df_size_500_targets_5_features_6_seed_2,0,7,5,10,mean,optimal,mse,0.6549146794056673,0.14316726409715175,0,12.252546072006226,True,True,False,20.0
synthetic_manifold_df_size_500_targets_5_features_6_seed_2,1,7,5,10,sklearn,sklearn,sklearn,0.46414389249131033,0.0,100,0.0031273365020751953,,,,
synthetic_manifold_df_size_500_targets_5_features_6_seed_2,1,7,5,10,preprop_sklearn,preprop_sklearn,preprop_sklearn,0.6656546936294861,0.4341558822557349,0,0.004302501678466797,,,,
synthetic_manifold_df_size_500_targets_5_features_6_seed_2,1,7,5,10,mean,optimal,mse,0.594702034676814,0.28128807530942146,0,0.8109049797058105,True,True,False,
synthetic_manifold_df_size_500_targets_5_features_6_seed_2,1,7,5,10,mean,optimal,mse,0.6016992880375087,0.29636368757943676,0,12.540096044540405,True,True,False,20.0
synthetic_manifold_df_size_500_targets_5_features_6_seed_2,1,7,5,10,mean,optimal,mse,0.6551160440621285,0.41145031672347937,0,11.554451704025269,True,True,False,20.0
synthetic_manifold_df_size_500_targets_5_features_6_seed_2,2,7,5,10,sklearn,sklearn,sklearn,0.4470513619509594,0.0,100,0.002396821975708008,,,,
synthetic_manifold_df_size_500_targets_5_features_6_seed_2,2,7,5,10,preprop_sklearn,preprop_sklearn,preprop_sklearn,0.7839612057685066,0.7536267026393837,0,0.0,,,,
synthetic_manifold_df_size_500_targets_5_features_6_seed_2,2,7,5,10,mean,optimal,mse,0.7321873569451639,0.6378148446967115,0,0.8352704048156738,True,True,False,
synthetic_manifold_df_size_500_targets_5_features_6_seed_2,2,7,5,10,mean,optimal,mse,0.751546580267558,0.6811190933134907,0,12.349293947219849,True,True,False,20.0
synthetic_manifold_df_size_500_targets_5_features_6_seed_2,2,7,5,10,mean,optimal,mse,0.798312971823653,0.7857298730503057,0,11.510538816452026,True,True,False,20.0
synthetic_manifold_df_size_500_targets_5_features_6_seed_2,3,7,5,10,sklearn,sklearn,sklearn,0.45933482262125225,0.0,100,0.002798795700073242,,,,
synthetic_manifold_df_size_500_targets_5_features_6_seed_2,3,7,5,10,preprop_sklearn,preprop_sklearn,preprop_sklearn,0.5638341303459999,0.2275013836930742,0,0.0020074844360351562,,,,
synthetic_manifold_df_size_500_targets_5_features_6_seed_2,3,7,5,10,mean,optimal,mse,0.5841365135933113,0.2717009136382529,0,0.8637940883636475,True,True,False,
synthetic_manifold_df_size_500_targets_5_features_6_seed_2,3,7,5,10,mean,optimal,mse,0.5591308007132516,0.21726194744500535,0,11.772594213485718,True,True,False,20.0
synthetic_manifold_df_size_500_targets_5_features_6_seed_2,3,7,5,10,mean,optimal,mse,0.5771768265019848,0.25654924921270333,0,12.033170461654663,True,True,False,20.0
synthetic_manifold_df_size_500_targets_5_features_6_seed_2,4,7,5,10,sklearn,sklearn,sklearn,0.5077619833964484,0.0,100,0.0,,,,
synthetic_manifold_df_size_500_targets_5_features_6_seed_2,4,7,5,10,preprop_sklearn,preprop_sklearn,preprop_sklearn,0.6435629453132933,0.2674500383200503,0,0.0,,,,
synthetic_manifold_df_size_500_targets_5_features_6_seed_2,4,7,5,10,mean,optimal,mse,0.6319384150607923,0.24455637823399218,0,0.8749275207519531,True,True,False,
synthetic_manifold_df_size_500_targets_5_features_6_seed_2,4,7,5,10,mean,optimal,mse,0.5756672992419153,0.13373454111559202,0,12.36839485168457,True,True,False,20.0
synthetic_manifold_df_size_500_targets_5_features_6_seed_2,4,7,5,10,mean,optimal,mse,0.6453447376178809,0.2709591476327821,0,11.906763792037964,True,True,False,20.0
synthetic_manifold_df_size_500_targets_9_features_6_seed_0,0,7,5,10,sklearn,sklearn,sklearn,0.7679047420600896,0.0,100,0.005145072937011719,,,,
synthetic_manifold_df_size_500_targets_9_features_6_seed_0,0,7,5,10,preprop_sklearn,preprop_sklearn,preprop_sklearn,0.9579740212146876,0.24751674100187382,0,0.004766702651977539,,,,
synthetic_manifold_df_size_500_targets_9_features_6_seed_0,0,7,5,10,mean,optimal,mse,0.941041358176602,0.2254662676675646,0,0.9177036285400391,True,True,False,
synthetic_manifold_df_size_500_targets_9_features_6_seed_0,0,7,5,10,mean,optimal,mse,0.8672830921068903,0.12941494511440865,0,13.239930629730225,True,True,False,20.0
synthetic_manifold_df_size_500_targets_9_features_6_seed_0,0,7,5,10,mean,optimal,mse,0.9419140993730554,0.22660279040098605,0,12.715500831604004,True,True,False,20.0
synthetic_manifold_df_size_500_targets_9_features_6_seed_0,1,7,5,10,sklearn,sklearn,sklearn,0.6753570524512647,0.0,100,0.004004001617431641,,,,
synthetic_manifold_df_size_500_targets_9_features_6_seed_0,1,7,5,10,preprop_sklearn,preprop_sklearn,preprop_sklearn,0.8783879371439043,0.3006274739498494,0,0.003191709518432617,,,,
synthetic_manifold_df_size_500_targets_9_features_6_seed_0,1,7,5,10,mean,optimal,mse,0.9398318861373516,0.3916074211798833,0,0.920534610748291,True,True,False,
synthetic_manifold_df_size_500_targets_9_features_6_seed_0,1,7,5,10,mean,optimal,mse,0.8637146374648963,0.27890074491703626,0,14.090996265411377,True,True,False,20.0
synthetic_manifold_df_size_500_targets_9_features_6_seed_0,1,7,5,10,mean,optimal,mse,0.9206463115453674,0.36319937461792234,0,14.99393105506897,True,True,False,20.0
synthetic_manifold_df_size_500_targets_9_features_6_seed_0,2,7,5,10,sklearn,sklearn,sklearn,0.8105415507720439,0.0,100,0.006113290786743164,,,,
synthetic_manifold_df_size_500_targets_9_features_6_seed_0,2,7,5,10,preprop_sklearn,preprop_sklearn,preprop_sklearn,1.0376453977510212,0.28018779143729267,0,0.006225109100341797,,,,
synthetic_manifold_df_size_500_targets_9_features_6_seed_0,2,7,5,10,mean,optimal,mse,1.0593354763806502,0.30694777506671816,0,1.083376169204712,True,True,False,
synthetic_manifold_df_size_500_targets_9_features_6_seed_0,2,7,5,10,mean,optimal,mse,0.9779725837091813,0.2065668722074256,0,14.686003684997559,True,True,False,20.0
synthetic_manifold_df_size_500_targets_9_features_6_seed_0,2,7,5,10,mean,optimal,mse,1.0622087990399758,0.3104927169103396,0,11.191184282302856,True,True,False,20.0
synthetic_manifold_df_size_500_targets_9_features_6_seed_0,3,7,5,10,sklearn,sklearn,sklearn,0.7225586385500882,0.0,100,0.00176239013671875,,,,
synthetic_manifold_df_size_500_targets_9_features_6_seed_0,3,7,5,10,preprop_sklearn,preprop_sklearn,preprop_sklearn,0.934981372900902,0.29398684482835724,0,0.0020842552185058594,,,,
synthetic_manifold_df_size_500_targets_9_features_6_seed_0,3,7,5,10,mean,optimal,mse,0.9373697277429875,0.2972922580012979,0,0.5970280170440674,True,True,False,
synthetic_manifold_df_size_500_targets_9_features_6_seed_0,3,7,5,10,mean,optimal,mse,0.8726126725645353,0.2076703896524591,0,9.085521936416626,True,True,False,20.0
synthetic_manifold_df_size_500_targets_9_features_6_seed_0,3,7,5,10,mean,optimal,mse,0.9273470206280088,0.2834211248084394,0,8.404524326324463,True,True,False,20.0
synthetic_manifold_df_size_500_targets_9_features_6_seed_0,4,7,5,10,sklearn,sklearn,sklearn,0.6514415923243371,0.0,100,0.0010709762573242188,,,,
synthetic_manifold_df_size_500_targets_9_features_6_seed_0,4,7,5,10,preprop_sklearn,preprop_sklearn,preprop_sklearn,0.879146480703256,0.34953999109339967,0,0.0,,,,
synthetic_manifold_df_size_500_targets_9_features_6_seed_0,4,7,5,10,mean,optimal,mse,0.8773906253871877,0.3468446530358412,0,0.5703654289245605,True,True,False,
synthetic_manifold_df_size_500_targets_9_features_6_seed_0,4,7,5,10,mean,optimal,mse,0.8448680087821853,0.2969205815792398,0,8.992890357971191,True,True,False,20.0
synthetic_manifold_df_size_500_targets_9_features_6_seed_0,4,7,5,10,mean,optimal,mse,0.910314944393287,0.39738536058972285,0,9.198081731796265,True,True,False,20.0
synthetic_manifold_df_size_500_targets_9_features_6_seed_1,0,7,5,10,sklearn,sklearn,sklearn,0.3554439130970298,0.0,100,0.0056684017181396484,,,,
synthetic_manifold_df_size_500_targets_9_features_6_seed_1,0,7,5,10,preprop_sklearn,preprop_sklearn,preprop_sklearn,0.5377154000092403,0.5127995731423701,0,0.0020079612731933594,,,,
synthetic_manifold_df_size_500_targets_9_features_6_seed_1,0,7,5,10,mean,optimal,mse,0.5640999389590404,0.5870293966886734,0,0.80318284034729,True,True,False,
synthetic_manifold_df_size_500_targets_9_features_6_seed_1,0,7,5,10,mean,optimal,mse,0.491312970880758,0.3822517499311865,0,9.512649297714233,True,True,False,20.0
synthetic_manifold_df_size_500_targets_9_features_6_seed_1,0,7,5,10,mean,optimal,mse,0.52214229450527,0.4689864568386479,0,10.41212248802185,True,True,False,20.0
synthetic_manifold_df_size_500_targets_9_features_6_seed_1,1,7,5,10,sklearn,sklearn,sklearn,0.30715436581639693,0.0,100,0.008863210678100586,,,,
synthetic_manifold_df_size_500_targets_9_features_6_seed_1,1,7,5,10,preprop_sklearn,preprop_sklearn,preprop_sklearn,0.5538836970744021,0.8032747006613895,0,0.004665851593017578,,,,
synthetic_manifold_df_size_500_targets_9_features_6_seed_1,1,7,5,10,mean,optimal,mse,0.5436610264966988,0.769992834227448,0,1.048858642578125,True,True,False,
synthetic_manifold_df_size_500_targets_9_features_6_seed_1,1,7,5,10,mean,optimal,mse,0.5045485794555521,0.6426547547663657,0,13.549136638641357,True,True,False,20.0
synthetic_manifold_df_size_500_targets_9_features_6_seed_1,1,7,5,10,mean,optimal,mse,0.5341103454898425,0.73889875883812,0,12.368414163589478,True,True,False,20.0
synthetic_manifold_df_size_500_targets_9_features_6_seed_1,2,7,5,10,sklearn,sklearn,sklearn,0.30446690213373684,0.0,100,0.0,,,,
synthetic_manifold_df_size_500_targets_9_features_6_seed_1,2,7,5,10,preprop_sklearn,preprop_sklearn,preprop_sklearn,0.5528545109906327,0.8158115286626189,0,0.0,,,,
synthetic_manifold_df_size_500_targets_9_features_6_seed_1,2,7,5,10,mean,optimal,mse,0.5427561965012506,0.7826443291456534,0,0.8620426654815674,True,True,False,
synthetic_manifold_df_size_500_targets_9_features_6_seed_1,2,7,5,10,mean,optimal,mse,0.508300048913847,0.6694755500569207,0,12.593951940536499,True,True,False,20.0
synthetic_manifold_df_size_500_targets_9_features_6_seed_1,2,7,5,10,mean,optimal,mse,0.5174111462645654,0.6994003047243966,0,12.371067762374878,True,True,False,20.0
synthetic_manifold_df_size_500_targets_9_features_6_seed_1,3,7,5,10,sklearn,sklearn,sklearn,0.3473801823232383,0.0,100,0.0,,,,
synthetic_manifold_df_size_500_targets_9_features_6_seed_1,3,7,5,10,preprop_sklearn,preprop_sklearn,preprop_sklearn,0.5898781921260614,0.6980766956278984,0,0.0020139217376708984,,,,
synthetic_manifold_df_size_500_targets_9_features_6_seed_1,3,7,5,10,mean,optimal,mse,0.6029343382135095,0.7356612981810151,0,0.8739016056060791,True,True,False,
synthetic_manifold_df_size_500_targets_9_features_6_seed_1,3,7,5,10,mean,optimal,mse,0.551441675646215,0.5874298641857955,0,13.510270833969116,True,True,False,20.0
synthetic_manifold_df_size_500_targets_9_features_6_seed_1,3,7,5,10,mean,optimal,mse,0.5644173631762516,0.6247828514611681,0,13.168566226959229,True,True,False,20.0
synthetic_manifold_df_size_500_targets_9_features_6_seed_1,4,7,5,10,sklearn,sklearn,sklearn,0.3731650593826842,0.0,100,0.004194736480712891,,,,
synthetic_manifold_df_size_500_targets_9_features_6_seed_1,4,7,5,10,preprop_sklearn,preprop_sklearn,preprop_sklearn,0.6075253949594912,0.6280339750042577,0,0.003972530364990234,,,,
synthetic_manifold_df_size_500_targets_9_features_6_seed_1,4,7,5,10,mean,optimal,mse,0.641844159452452,0.72000068954536,0,0.8447363376617432,True,True,False,
synthetic_manifold_df_size_500_targets_9_features_6_seed_1,4,7,5,10,mean,optimal,mse,0.5833565039530806,0.5632666812860503,0,12.984408855438232,True,True,False,20.0
synthetic_manifold_df_size_500_targets_9_features_6_seed_1,4,7,5,10,mean,optimal,mse,0.6057985622621385,0.6234064444948113,0,12.491187572479248,True,True,False,20.0
synthetic_manifold_df_size_500_targets_9_features_6_seed_2,0,7,5,10,sklearn,sklearn,sklearn,0.7877866727126023,0.0,100,0.0,,,,
synthetic_manifold_df_size_500_targets_9_features_6_seed_2,0,7,5,10,preprop_sklearn,preprop_sklearn,preprop_sklearn,1.3685215875281775,0.7371728095068156,0,0.012552261352539062,,,,
synthetic_manifold_df_size_500_targets_9_features_6_seed_2,0,7,5,10,mean,optimal,mse,1.3732872602869537,0.7432222552817314,0,0.8960351943969727,True,True,False,
synthetic_manifold_df_size_500_targets_9_features_6_seed_2,0,7,5,10,mean,optimal,mse,1.3043398594548274,0.6557018602048278,0,12.579124450683594,True,True,False,20.0
synthetic_manifold_df_size_500_targets_9_features_6_seed_2,0,7,5,10,mean,optimal,mse,1.3333782123880376,0.6925625408167779,0,12.385666370391846,True,True,False,20.0
synthetic_manifold_df_size_500_targets_9_features_6_seed_2,1,7,5,10,sklearn,sklearn,sklearn,0.8238337358709864,0.0,100,0.003915071487426758,,,,
synthetic_manifold_df_size_500_targets_9_features_6_seed_2,1,7,5,10,preprop_sklearn,preprop_sklearn,preprop_sklearn,1.321752593961191,0.6043924112476251,0,0.004183292388916016,,,,
synthetic_manifold_df_size_500_targets_9_features_6_seed_2,1,7,5,10,mean,optimal,mse,1.3504479749104248,0.6392239308853782,0,0.8498594760894775,True,True,False,
synthetic_manifold_df_size_500_targets_9_features_6_seed_2,1,7,5,10,mean,optimal,mse,1.255334922340373,0.5237721735359478,0,13.553544282913208,True,True,False,20.0
synthetic_manifold_df_size_500_targets_9_features_6_seed_2,1,7,5,10,mean,optimal,mse,1.306535489349976,0.5859213242447036,0,12.88749623298645,True,True,False,20.0
synthetic_manifold_df_size_500_targets_9_features_6_seed_2,2,7,5,10,sklearn,sklearn,sklearn,0.7199247946975683,0.0,100,0.0,,,,
synthetic_manifold_df_size_500_targets_9_features_6_seed_2,2,7,5,10,preprop_sklearn,preprop_sklearn,preprop_sklearn,1.2875995962799225,0.788519586717148,0,0.0,,,,
synthetic_manifold_df_size_500_targets_9_features_6_seed_2,2,7,5,10,mean,optimal,mse,1.2835432960362074,0.7828852478617693,0,0.8894648551940918,True,True,False,
synthetic_manifold_df_size_500_targets_9_features_6_seed_2,2,7,5,10,mean,optimal,mse,1.2551623076398584,0.7434630907067686,0,12.904495477676392,True,True,False,20.0
synthetic_manifold_df_size_500_targets_9_features_6_seed_2,2,7,5,10,mean,optimal,mse,1.2875256747155783,0.7884169071527148,0,12.452601671218872,True,True,False,20.0
synthetic_manifold_df_size_500_targets_9_features_6_seed_2,3,7,5,10,sklearn,sklearn,sklearn,0.7918726889496603,0.0,100,0.0034236907958984375,,,,
synthetic_manifold_df_size_500_targets_9_features_6_seed_2,3,7,5,10,preprop_sklearn,preprop_sklearn,preprop_sklearn,1.2327755331957733,0.5567850115287172,0,0.00359344482421875,,,,
synthetic_manifold_df_size_500_targets_9_features_6_seed_2,3,7,5,10,mean,optimal,mse,1.3209839318639751,0.6681771581441048,0,0.7962954044342041,True,True,False,
synthetic_manifold_df_size_500_targets_9_features_6_seed_2,3,7,5,10,mean,optimal,mse,1.1962343961656658,0.510639794576513,0,13.380820035934448,True,True,False,20.0
synthetic_manifold_df_size_500_targets_9_features_6_seed_2,3,7,5,10,mean,optimal,mse,1.2226120736667505,0.5439502974757505,0,13.03844165802002,True,True,False,20.0
synthetic_manifold_df_size_500_targets_9_features_6_seed_2,4,7,5,10,sklearn,sklearn,sklearn,0.7390161881634678,0.0,100,0.009063720703125,,,,
synthetic_manifold_df_size_500_targets_9_features_6_seed_2,4,7,5,10,preprop_sklearn,preprop_sklearn,preprop_sklearn,1.324462916045697,0.7921974339115972,0,0.004015445709228516,,,,
synthetic_manifold_df_size_500_targets_9_features_6_seed_2,4,7,5,10,mean,optimal,mse,1.2753069768387966,0.7256820584784038,0,0.7050414085388184,True,True,False,
synthetic_manifold_df_size_500_targets_9_features_6_seed_2,4,7,5,10,mean,optimal,mse,1.2317475596254426,0.6667396186360458,0,12.994527101516724,True,True,False,20.0
synthetic_manifold_df_size_500_targets_9_features_6_seed_2,4,7,5,10,mean,optimal,mse,1.2684350149718933,0.7163832610001228,0,12.609522104263306,True,True,False,20.0
