X1,X2,X3,X4,X5,X6,y1,y2,y3,y4,y5
0.5,0.0,0.3,0.3,0.7,0.9,0.0,1.0,0.9,0.8028477627272318,0.6028477627272318
0.3,0.5,0.2,0.4,0.7,0.6,0.7710688301345223,0.22893116986547773,0.12893116986547773,0.19999999999999996,0.0
0.8,0.8,1.0,0.1,0.6,0.7,0.9,0.1,0.0,3.0208818829689728,2.8208818829689726
0.7,0.8,0.1,0.5,0.9,0.8,0.8999999999999997,0.10000000000000028,0.0,3.8809454115294515,3.6809454115294513
0.9,0.4,0.3,0.0,0.3,0.5,0.9000000000000001,0.09999999999999998,0.0,1.6588550783149096,1.4588550783149097
0.0,0.2,0.3,0.8,0.1,0.3,0.830169412589598,0.16983058741040202,0.06983058741040202,0.3452563108466656,0.14525631084666557
0.3,0.3,0.7,0.0,0.1,0.9,0.4372695806672775,0.5627304193327226,0.46273041933272274,1.3084944589948677,1.1084944589948673
0.9,0.0,1.0,0.4,0.7,0.3,0.9,0.10000000000000002,0.0,1.2366316989618213,1.0366316989618214
0.2,0.7,0.2,0.0,0.0,0.4,0.8999999999999999,0.09999999999999998,0.0,0.6487705449588803,0.44877054495888014
0.5,0.5,0.6,0.8,0.4,0.1,0.5737670471565979,0.4262329528434019,0.32623295284340187,0.6654738735797253,0.4654738735797255
0.4,0.9,1.0,1.0,0.8,0.1,0.6397348213808314,0.3602651786191684,0.26026517861916837,2.078420527738453,1.8784205277384527
0.1,0.7,0.9,0.9,0.3,0.6,0.9000000000000001,0.1,0.0,2.6844315732361896,2.4844315732361895
0.7,0.2,0.0,0.3,0.5,0.9,0.0,1.0,0.9000000000000001,2.5187064405858615,2.3187064405858617
1.0,0.4,0.4,0.6,0.4,0.4,0.8999999999999998,0.10000000000000007,0.0,1.230877153863626,1.0308771538636259
0.3,0.4,0.4,0.8,0.4,0.3,0.4339175628221719,0.566082437177828,0.46608243717782805,0.19999999999999973,0.0
1.0,0.7,0.5,0.5,0.0,0.1,0.8999999999999999,0.10000000000000031,0.0,2.7507010431110372,2.550701043111037
0.5,0.9,0.3,0.0,0.5,0.0,0.8591900189193342,0.14080998108066578,0.04080998108066578,0.2,0.0
0.1,0.2,0.4,0.2,0.0,0.3,0.0,1.0,0.9000000000000001,0.34781296250742283,0.14781296250742282
0.2,1.0,0.0,0.7,0.5,0.9,0.0,1.0,0.9,0.4265122507625265,0.22651225076252654
0.0,1.0,0.2,1.0,0.7,0.2,0.8999999999999995,0.10000000000000075,0.0,0.25588506958490154,0.05588506958490147
0.9,0.2,0.3,0.3,0.2,0.3,0.8999999999999997,0.10000000000000042,0.0,2.653419342463076,2.453419342463076
0.4,0.1,0.2,0.9,1.0,0.1,0.8999999999999981,0.10000000000000202,0.0,1.6261949086026175,1.4261949086026173
0.4,1.0,0.6,0.8,0.2,0.3,0.8999999999999989,0.10000000000000113,0.0,1.679978390098266,1.4799783900982661
0.0,0.0,0.6,0.0,0.6,0.3,0.692715960095623,0.30728403990437697,0.207284039904377,0.2000000000000125,0.0
1.0,0.3,0.8,0.8,0.8,0.2,0.08905189880331887,0.9109481011966811,0.810948101196681,1.873179998084241,1.673179998084241
0.3,0.2,0.0,0.8,0.8,0.3,0.0,1.0,0.9000000000000001,0.3004662728672869,0.1004662728672869
0.8,1.0,0.2,0.8,0.4,0.3,0.9000000000000001,0.1,0.0,2.091491598670961,1.8914915986709606
0.0,0.4,0.3,0.6,0.9,0.8,0.5604355973516874,0.43956440264831276,0.3395644026483127,0.1999999999999999,0.0
0.0,0.8,0.5,0.9,0.0,0.9,0.1556482668426149,0.844351733157385,0.7443517331573846,2.86439718850594,2.6643971885059403
0.6,0.5,0.3,0.1,0.8,0.0,0.1615467698515879,0.8384532301484121,0.7384532301484121,0.4082679077945728,0.20826790779457238
0.4,0.9,0.6,0.5,0.7,0.8,0.6109614925659315,0.38903850743406854,0.28903850743406834,1.2385093351668637,1.0385093351668635
0.8,0.9,0.2,0.8,0.6,0.6,0.9,0.1,0.0,2.128011217268637,1.928011217268637
0.9,0.1,0.6,0.8,0.8,0.3,0.0,0.9999999999999998,0.8999999999999998,2.243812568028778,2.0438125680287778
0.2,0.3,1.0,0.6,0.3,0.6,0.9000000000000008,0.09999999999999934,0.0,0.8599711036898822,0.6599711036898821
0.5,0.7,0.0,0.8,0.4,1.0,0.45656281695204726,0.5434371830479525,0.4434371830479522,3.0505890044656443,2.850589004465644
0.6,0.5,0.8,0.2,0.3,0.9,0.0,1.0000000000000002,0.9000000000000001,2.910192057586374,2.7101920575863736
0.7,0.5,0.3,0.4,0.5,0.3,0.9000000000000001,0.09999999999999995,0.0,0.312819811424203,0.11281981142420291
0.3,0.7,0.9,0.9,0.9,0.7,0.5839582561142209,0.4160417438857795,0.31604174388577966,3.0777673943671267,2.877767394367127
0.3,1.0,0.2,0.3,0.9,1.0,0.2815334448258918,0.7184665551741083,0.6184665551741082,2.365862817205567,2.1658628172055665
0.7,0.7,0.5,0.1,0.2,0.2,0.9000000000000026,0.09999999999999762,0.0,3.550888742126372,3.350888742126372
0.8,0.1,0.5,0.8,0.4,0.0,0.17477786610385992,0.82522213389614,0.7252221338961401,2.309440558822998,2.109440558822998
0.2,0.5,0.5,0.0,0.8,0.1,0.0,1.0000000000000002,0.9000000000000002,0.1999999999999995,0.0
0.1,0.0,0.3,0.8,0.8,0.4,0.0,1.0000000000000004,0.9000000000000004,0.20000000000000162,0.0
0.4,0.0,0.9,0.3,0.7,0.3,0.0,1.0,0.9,0.19999999999999998,0.0
0.2,0.1,0.1,0.2,0.1,0.4,0.2936220262859956,0.7063779737140045,0.6063779737140045,1.2538333509605484,1.0538333509605486
0.2,0.5,0.5,0.5,0.2,0.5,0.9000000000000001,0.09999999999999985,0.0,0.7867665428841727,0.5867665428841726
0.7,0.7,0.6,0.1,0.6,0.7,0.8999999999999999,0.10000000000000007,0.0,2.505087837576723,2.3050878375767234
0.2,0.3,0.1,0.9,0.5,0.9,0.9,0.09999999999999998,0.0,1.2946361638902577,1.0946361638902578
0.9,0.2,0.0,0.9,0.1,0.9,0.504397187372724,0.4956028126272758,0.39560281262727615,4.217352664495835,4.017352664495835
1.0,0.0,0.6,0.0,1.0,0.4,0.8999999999999999,0.09999999999999999,0.0,2.2963950232634947,2.0963950232634945
0.8,0.4,0.3,0.3,0.8,0.8,0.0,0.9999999999999999,0.8999999999999999,1.9429222383102143,1.7429222383102143
0.7,0.0,0.3,0.8,0.7,0.7,0.18337261370557,0.81662738629443,0.7166273862944299,1.0007094988745857,0.8007094988745858
1.0,0.1,0.8,0.4,0.7,0.0,0.18784443768678852,0.8121555623132115,0.7121555623132114,1.355960905586087,1.1559609055860873
0.4,0.9,0.0,1.0,0.6,0.4,0.8999999999999999,0.10000000000000007,0.0,1.1352978005527001,0.9352978005527
0.2,0.4,0.6,0.3,1.0,0.3,0.9000000000000004,0.09999999999999953,0.0,0.5367061647993138,0.3367061647993137
0.7,0.8,0.5,0.0,0.8,0.5,0.0,1.0,0.9,2.964888179191791,2.764888179191791
0.4,0.7,1.0,1.0,0.4,0.1,0.8999999999999988,0.10000000000000149,0.0,2.3215114122593623,2.121511412259362
0.3,0.3,0.9,0.2,0.5,0.2,0.6293394188419403,0.3706605811580599,0.27066058115805935,0.21725174749247955,0.017251747492479375
0.3,0.5,1.0,0.7,0.2,0.7,0.6193805818396894,0.3806194181603111,0.28061941816031166,1.3167118630014456,1.1167118630014456
0.1,0.6,1.0,0.5,0.0,0.0,0.8999999999999999,0.10000000000000014,0.0,0.2000000000000005,0.0
1.0,0.3,1.0,0.1,1.0,0.9,0.9,0.09999999999999996,0.0,4.110025555323658,3.9100255553236583
0.9,0.6,0.6,0.7,0.8,0.8,0.0,1.0,0.8999999999999999,2.8339719162123624,2.6339719162123623
0.7,0.0,0.8,0.6,0.8,0.9,0.0,1.0,0.9000000000000001,2.0159520928409185,1.8159520928409187
0.8,0.3,0.6,0.1,0.7,0.4,0.9,0.1,0.0,1.5128528130847767,1.3128528130847767
0.9,0.2,0.0,0.8,0.2,0.7,0.7029070295364477,0.2970929704635521,0.19709297046355223,3.5046711688851313,3.304671168885131
0.8,0.4,0.4,0.1,0.7,0.6,0.02335981797710429,0.9766401820228957,0.8766401820228957,1.281329938037627,1.0813299380376267
0.9,0.4,0.1,0.5,0.9,0.7,0.9000000000000001,0.09999999999999985,0.0,2.5766281823189416,2.3766281823189415
0.1,0.3,0.5,0.7,0.3,0.6,0.751167974340829,0.24883202565917084,0.14883202565917064,0.962806112275852,0.762806112275852
0.6,0.7,0.9,0.1,0.9,0.6,0.33207960560185423,0.6679203943981458,0.5679203943981457,3.6063641740534953,3.4063641740534956
0.0,0.3,0.8,0.4,0.1,0.4,0.8209499415036644,0.1790500584963356,0.07905005849633517,0.44077624946931104,0.2407762494693111
0.5,0.0,0.3,1.0,0.1,0.4,0.9000000000000001,0.09999999999999992,0.0,1.6251508104432066,1.4251508104432065
0.4,0.4,0.0,0.0,1.0,0.8,0.595371698530719,0.40462830146928086,0.30462830146928077,1.2506777031470033,1.0506777031470036
0.4,0.6,0.9,0.3,0.3,0.2,0.7994989842977147,0.2005010157022854,0.10050101570228542,1.8009285336048975,1.6009285336048973
0.1,1.0,0.2,0.1,0.3,0.4,0.8999999999999997,0.10000000000000042,0.0,0.7703958348667828,0.5703958348667827
1.0,0.1,0.1,0.0,0.7,0.8,0.0,0.9999999999999999,0.8999999999999999,2.470234265178063,2.270234265178063
1.0,0.4,0.3,0.5,0.6,0.3,0.8999999999999964,0.10000000000000353,0.0,0.20000000000000018,0.0
0.2,0.9,0.8,0.1,0.4,1.0,0.0,0.9999999999999997,0.8999999999999997,2.119539092566842,1.9195390925668416
0.0,0.8,0.3,0.9,0.5,0.5,0.8999999999999995,0.10000000000000048,0.0,0.5945898295640824,0.39458982956408223
0.1,0.7,0.8,0.6,0.4,0.7,0.6726210587579102,0.32737894124208966,0.2273789412420899,0.9931512064394366,0.7931512064394367
0.3,0.5,0.3,0.6,0.4,0.7,0.6375797993846606,0.3624202006153394,0.2624202006153394,0.2000000000000005,0.0
0.3,0.0,0.5,0.9,0.3,0.7,0.7198196403755783,0.2801803596244219,0.18018035962442175,1.8430390718104328,1.6430390718104328
0.5,0.5,0.8,0.0,0.8,0.3,0.0,1.0000000000000018,0.9000000000000019,0.3495746306709594,0.14957463067095955
0.6,0.9,1.0,0.3,0.2,0.7,0.6519845701693834,0.34801542983061706,0.2480154298306173,3.8052063842806403,3.6052063842806406
0.0,0.3,1.0,0.0,0.3,0.6,0.8999999999999999,0.1,0.0,0.896631739424243,0.696631739424243
0.1,0.9,0.2,0.9,0.4,0.9,0.6381655119389158,0.3618344880610841,0.2618344880610841,2.0834764140493798,1.8834764140493796
0.1,0.3,0.2,0.4,0.9,0.7,0.9000000000000001,0.09999999999999992,0.0,0.8157301134678102,0.6157301134678101
0.4,0.9,0.4,0.1,0.2,0.7,0.4361517045151997,0.5638482954848001,0.4638482954848,2.4526085325713467,2.2526085325713465
0.2,0.3,0.9,1.0,0.7,1.0,0.23048622774326272,0.7695137722567372,0.6695137722567372,2.207667495103375,2.0076674951033753
0.6,0.6,0.2,1.0,0.3,0.6,0.899999999999995,0.10000000000000508,0.0,3.326435848010588,3.126435848010588
0.0,1.0,0.8,0.0,1.0,0.7,0.047629508638068696,0.9523704913619311,0.852370491361931,1.2538849374537353,1.0538849374537351
0.6,0.5,0.9,0.6,0.5,0.2,0.561308238756536,0.438691761243464,0.338691761243464,0.5731111131010286,0.3731111131010284
0.7,0.1,0.9,0.2,0.2,0.5,0.08394928784387634,0.9160507121561241,0.8160507121561238,3.5583890080898852,3.358389008089885
0.6,0.4,0.2,0.2,0.1,0.0,0.9000000000000012,0.09999999999999888,0.0,1.4309602585596652,1.2309602585596653
0.9,0.0,0.2,0.8,0.3,1.0,0.9,0.1,0.0,3.5170685920590308,3.317068592059031
0.0,1.0,0.8,0.8,0.1,0.0,0.2721105633291172,0.7278894366708828,0.6278894366708827,0.5920821476515195,0.3920821476515195
0.5,0.8,0.2,0.3,0.5,0.3,0.9,0.1000000000000002,0.0,1.37561826729398,1.17561826729398
0.8,0.6,0.4,0.6,0.3,0.6,0.9000000000000002,0.09999999999999988,0.0,2.5745978639605966,2.3745978639605965
0.2,0.6,0.5,0.5,0.9,0.4,0.9,0.09999999999999998,0.0,0.8886633045131885,0.6886633045131885
0.6,0.5,0.1,0.3,0.3,1.0,0.21162894589142223,0.7883710541085776,0.6883710541085775,3.3714702945337116,3.1714702945337114
0.8,0.9,0.5,0.5,0.6,0.0,0.8999999999999998,0.10000000000000032,0.0,1.6150540525752444,1.4150540525752442
0.9,0.7,0.5,0.1,0.5,0.6,0.8999999999999999,0.10000000000000003,0.0,3.0541025370465538,2.8541025370465536
1.0,1.0,0.6,0.8,0.7,0.5,0.49809120646041527,0.5019087935395845,0.4019087935395842,2.105234275541676,1.905234275541676
1.0,0.3,1.0,0.2,0.9,0.9,0.38859767134057366,0.6114023286594266,0.5114023286594265,4.017421503052256,3.8174215030522567
0.3,0.2,0.5,1.0,0.4,0.1,0.9,0.09999999999999996,0.0,1.570285466566664,1.3702854665666637
0.5,0.8,0.3,0.5,0.8,0.4,0.9000000000000001,0.0999999999999999,0.0,1.177567470199895,0.9775674701998949
1.0,0.1,0.7,0.8,0.1,0.2,0.5287438569313945,0.47125614306860575,0.37125614306860544,2.397482614475888,2.197482614475888
0.1,0.1,0.7,0.5,0.0,0.4,0.4415708359645754,0.5584291640354245,0.45842916403542455,0.20000000000000015,0.0
0.1,0.1,0.6,0.6,0.0,0.2,0.5203192781537236,0.4796807218462764,0.3796807218462764,0.2000000000000002,0.0
0.3,0.7,0.9,0.2,0.4,0.9,0.1259695919823165,0.8740304080176837,0.774030408017683,2.806929491946169,2.6069294919461687
0.0,0.6,0.9,0.2,0.4,0.7,0.0,0.9999999999999999,0.8999999999999999,1.443308061121446,1.243308061121446
0.3,0.0,0.5,0.4,0.0,0.2,0.6431438411650379,0.3568561588349622,0.25685615883496216,0.2,0.0
0.3,0.1,0.7,1.0,0.1,0.3,0.865558266188079,0.13444173381192126,0.03444173381192106,1.4754307892273162,1.2754307892273165
1.0,0.4,1.0,0.1,0.7,0.4,0.7174641709144587,0.2825358290855413,0.18253582908554114,1.4827696314720034,1.2827696314720032
0.0,1.0,0.2,1.0,0.7,0.4,0.9,0.09999999999999987,0.0,0.45531989564225195,0.2553198956422518
0.0,0.2,0.6,0.9,0.2,0.4,0.9000000000000005,0.0999999999999997,0.0,1.6476346648870126,1.4476346648870124
0.9,0.9,0.5,0.4,1.0,0.4,0.9000000000000005,0.0999999999999995,0.0,3.652397204412173,3.4523972044121733
0.9,1.0,0.8,0.1,0.5,0.7,0.0,1.0,0.9,2.3549619938249924,2.154961993824992
0.0,1.0,0.1,1.0,0.3,0.9,0.9,0.10000000000000002,0.0,2.8876707518594547,2.6876707518594545
0.2,0.8,0.2,0.4,0.8,0.2,0.8999999999999999,0.10000000000000003,0.0,0.6359654152093521,0.43596541520935195
0.9,0.8,0.7,1.0,0.8,0.2,0.9000000000000001,0.09999999999999998,0.0,3.2939553532494115,3.0939553532494113
0.3,0.3,0.6,0.0,1.0,0.3,0.899999999999998,0.10000000000000209,0.0,0.7179668117196948,0.5179668117196947
0.6,0.3,0.9,0.6,0.3,0.2,0.8999999999999996,0.10000000000000037,0.0,1.8977811313895216,1.6977811313895217
0.2,0.2,0.6,0.4,0.6,0.0,0.8999999999999985,0.10000000000000153,0.0,0.20000000000000237,0.0
0.4,0.9,0.2,0.1,0.6,0.1,0.9000000000000002,0.0999999999999997,0.0,0.19999999999999996,0.0
0.7,0.5,0.6,0.1,1.0,0.6,0.8022685175215227,0.19773148247847638,0.09773148247847663,2.6418904816325606,2.4418904816325604
0.6,0.6,0.6,0.2,0.5,0.2,0.8999999999999999,0.09999999999999999,0.0,1.2700145865269183,1.0700145865269184
0.2,0.3,0.2,0.9,0.3,0.8,0.8999999999999955,0.10000000000000472,0.0,1.769958580367435,1.5699585803674347
0.5,0.4,0.5,0.1,0.5,0.8,0.08838274780575317,0.9116172521942468,0.8116172521942466,1.2958105156399906,1.0958105156399904
0.2,0.9,0.9,0.5,0.6,0.4,0.8511807559705596,0.1488192440294405,0.04881924402944048,0.2,0.0
0.0,0.8,1.0,0.5,0.5,0.5,0.8999999999999986,0.10000000000000141,0.0,0.5748515696702503,0.37485156967025024
0.1,0.0,0.0,0.0,0.0,1.0,0.0,0.999999999999999,0.899999999999999,0.6212899148465744,0.4212899148465744
0.0,1.0,0.7,0.6,0.3,0.5,0.9000000000000001,0.09999999999999999,0.0,0.25117620623756154,0.05117620623756149
0.4,0.3,0.4,0.5,1.0,0.1,0.8999999999999821,0.10000000000001814,0.0,0.618511425776686,0.418511425776686
0.3,0.6,0.7,0.4,0.0,0.0,0.9,0.09999999999999994,0.0,0.1999999999999999,0.0
0.7,1.0,0.3,0.3,0.0,0.0,0.784408967331038,0.21559103266896207,0.11559103266896198,1.4676967398873866,1.2676967398873864
0.9,0.4,0.4,0.5,0.8,0.8,0.20055715188927437,0.7994428481107254,0.6994428481107255,1.9757835421252177,1.7757835421252175
0.0,0.1,0.5,0.9,0.9,0.6,0.0,1.0000000000000002,0.9000000000000002,1.8252556952825498,1.6252556952825499
0.1,0.4,0.0,0.4,0.7,0.7,0.21283151654742405,0.787168483452576,0.687168483452576,0.19999999999999873,0.0
0.7,0.6,0.2,0.6,0.0,0.2,0.9000000000000004,0.09999999999999977,0.0,1.3924094389099264,1.1924094389099265
0.7,0.7,1.0,0.2,0.6,0.1,0.8999999999999995,0.10000000000000064,0.0,2.0591636018684403,1.8591636018684405
0.3,0.7,0.0,0.5,0.4,0.5,0.899999999999999,0.10000000000000117,0.0,0.7610389153702364,0.5610389153702362
0.5,0.3,0.8,0.0,0.1,0.5,0.3820687143814605,0.6179312856185395,0.5179312856185394,1.484612057764013,1.2846120577640132
0.4,0.1,0.5,0.0,0.6,0.8,0.0,1.0,0.9,0.9410821446744131,0.7410821446744131
0.8,0.6,0.3,0.4,0.4,1.0,0.8530242317058327,0.14697576829416747,0.046975768294167386,2.9947452330340867,2.794745233034087
1.0,0.3,0.6,0.5,1.0,0.9,0.8999999999999924,0.10000000000000753,0.0,3.5783601200568644,3.3783601200568643
0.8,0.1,0.3,0.8,1.0,0.1,0.8999999999999998,0.10000000000000017,0.0,2.2012982978127646,2.0012982978127645
0.5,0.8,0.0,0.3,0.7,0.1,0.7003489082606429,0.2996510917393569,0.19965109173935724,1.0948135160347374,0.8948135160347371
0.7,0.8,0.0,0.7,0.5,1.0,0.2460228673628715,0.7539771326371285,0.6539771326371282,3.0827971371544693,2.882797137154469
0.9,0.9,0.6,0.8,0.7,0.5,0.23449194987216138,0.7655080501278384,0.6655080501278383,2.432163939219842,2.2321639392198422
0.9,0.1,0.0,0.0,0.5,0.6,0.0,1.0,0.9,1.6183852320572618,1.4183852320572619
0.3,0.6,0.1,0.7,0.7,1.0,0.07583486747138124,0.9241651325286186,0.8241651325286186,1.2543442517762255,1.0543442517762254
0.0,0.7,0.6,0.0,0.4,0.2,0.8999999999999999,0.10000000000000006,0.0,0.4895299068337602,0.2895299068337602
0.7,0.5,0.2,0.8,1.0,0.5,0.9000000000000001,0.10000000000000009,0.0,2.2976294706633547,2.0976294706633545
0.6,0.6,0.4,0.1,0.5,0.4,0.5407851175031713,0.4592148824968285,0.35921488249682865,1.133163927150435,0.933163927150435
0.5,0.5,0.6,0.3,0.8,0.1,0.0,1.0,0.9,0.6526651633645202,0.45266516336452023
0.4,0.2,0.9,0.7,0.4,0.1,0.24941221240880007,0.7505877875911999,0.6505877875911998,0.9087441628680111,0.708744162868011
0.8,0.2,0.3,0.3,0.4,0.1,0.8999999999999999,0.1,0.0,1.681590357999951,1.481590357999951
1.0,0.6,0.2,0.5,0.4,1.0,0.9000000000000011,0.09999999999999903,0.0,3.2643158654026116,3.0643158654026115
1.0,0.9,0.1,0.5,0.9,0.4,0.9000000000000001,0.09999999999999999,0.0,3.099746653942122,2.899746653942122
0.5,0.7,0.4,0.4,0.2,0.2,0.9000000000000019,0.09999999999999808,0.0,2.226666541629306,2.026666541629306
0.1,0.3,0.0,0.1,0.9,0.1,0.7188265204516457,0.2811734795483542,0.18117347954835422,0.20000000000000007,0.0
0.6,0.9,0.8,0.6,0.3,0.0,0.9,0.10000000000000003,0.0,1.9678878961883293,1.767887896188329
0.7,1.0,0.3,1.0,1.0,0.2,0.899999999999995,0.10000000000000475,0.0,2.937543227817944,2.7375432278179437
0.5,0.9,0.7,0.3,0.4,0.7,0.0,1.0,0.9000000000000001,2.0198979848454837,1.8198979848454837
0.6,0.7,0.3,0.6,0.9,0.3,0.9000000000000024,0.09999999999999794,0.0,1.7859881587897442,1.585988158789744
0.7,0.1,0.3,1.0,0.7,0.8,0.2824105591425995,0.7175894408574005,0.6175894408574004,2.5739011479732103,2.3739011479732106
0.8,0.4,0.5,0.3,0.6,0.9,0.14609463764482683,0.8539053623551731,0.7539053623551731,2.332640391189398,2.132640391189397
0.6,0.2,0.9,0.3,0.5,0.7,0.0,1.0000000000000002,0.9000000000000002,2.407883425931336,2.2078834259313362
0.9,0.0,0.7,0.1,0.2,0.5,0.8999999999999999,0.1000000000000001,0.0,2.323814898022996,2.123814898022996
0.0,0.5,0.8,0.9,0.8,0.2,0.0,1.0000000000000002,0.9000000000000001,0.19999999999999962,0.0
0.5,0.3,0.1,0.7,0.3,1.0,0.8999999999999999,0.10000000000000002,0.0,2.8272599705350183,2.6272599705350186
0.8,0.5,1.0,0.5,0.1,0.9,0.8851528023668789,0.11484719763312112,0.01484719763312116,3.2435558257809847,3.0435558257809845
0.7,1.0,0.2,0.1,0.0,0.1,0.8999999999999999,0.1,0.0,1.781537962587246,1.581537962587246
0.0,0.1,0.1,0.6,0.8,0.8,0.0,1.0000000000000002,0.9000000000000004,0.726040204470098,0.5260402044700981
1.0,0.3,0.2,0.0,0.7,0.4,0.8999999999999998,0.10000000000000042,0.0,1.1724253995603708,0.9724253995603707
0.6,0.0,0.5,0.3,0.3,0.9,0.11491337580868621,0.8850866241913138,0.7850866241913139,3.1566861688260572,2.9566861688260575
1.0,0.4,0.9,0.0,0.6,0.5,0.3835422839657261,0.6164577160342739,0.5164577160342738,1.3712836808247644,1.1712836808247642
0.3,0.0,0.0,0.1,0.2,0.0,0.9000000000000001,0.09999999999999995,0.0,0.23905569663410323,0.03905569663410317
0.2,0.2,0.9,0.6,0.7,0.8,0.0,1.0,0.9,0.7399905864875154,0.5399905864875154
0.9,1.0,0.8,0.2,0.4,0.7,0.0,1.0000000000000002,0.9000000000000001,3.0212261210013263,2.821226121001326
0.7,0.5,0.7,0.2,0.4,0.1,0.3243757659955202,0.6756242340044796,0.5756242340044796,1.1124834273712376,0.9124834273712374
0.1,0.1,0.7,0.9,0.0,0.9,0.0,0.9999999999999998,0.8999999999999998,1.4829893636045404,1.2829893636045404
1.0,0.0,0.2,0.1,0.4,0.6,0.8999999999999999,0.1,0.0,1.995941422442744,1.7959414224427441
0.0,0.6,0.6,1.0,0.2,0.8,0.9000000000000006,0.09999999999999959,0.0,2.704782218476395,2.504782218476395
0.6,0.6,0.5,0.2,0.5,0.0,0.7124504964731964,0.28754950352680353,0.18754950352680355,1.4405909118028666,1.2405909118028662
1.0,0.3,0.9,0.9,0.7,0.0,0.8999999999999998,0.10000000000000009,0.0,2.195661056893032,1.9956610568930322
1.0,0.4,0.1,0.3,0.5,0.7,0.6298189358264044,0.37018106417359575,0.2701810641735959,2.0447255505317146,1.8447255505317142
0.6,0.2,0.7,0.3,0.4,0.9,0.0,1.0000000000000002,0.9000000000000001,2.6322796156556705,2.4322796156556707
0.7,0.0,0.0,0.1,0.8,0.3,0.0,1.0,0.9,1.0984637415553618,0.8984637415553617
0.5,1.0,0.0,0.1,1.0,0.1,0.9000000000000004,0.09999999999999956,0.0,1.5791592847791396,1.3791592847791394
0.3,0.7,0.9,0.3,0.7,0.0,0.7397020293211707,0.2602979706788291,0.16029797067882912,0.8723852075431024,0.6723852075431023
0.2,0.4,1.0,0.4,0.6,0.0,0.9000000000000015,0.09999999999999853,0.0,0.19999999999999432,0.0
0.1,0.7,0.6,0.5,0.5,0.7,0.8999999999999997,0.10000000000000049,0.0,0.6511304276097681,0.4511304276097681
0.3,0.6,0.8,0.8,0.2,1.0,0.20310914502891553,0.7968908549710849,0.6968908549710845,2.6825461725846322,2.482546172584632
0.1,0.0,0.8,0.7,0.7,0.0,0.0,1.0000000000000002,0.9000000000000002,0.19999999999999582,0.0
0.4,0.8,0.0,0.4,0.5,0.7,0.8901304471142331,0.10986955288576672,0.009869552885767519,1.2807425697762438,1.0807425697762434
0.2,0.4,0.9,0.7,0.5,0.0,0.4287074150013146,0.5712925849986854,0.4712925849986854,0.2000000000000106,0.0
0.4,0.9,0.4,0.0,0.2,0.5,0.5697584806608993,0.43024151933910093,0.33024151933910084,1.8108123840795067,1.610812384079507
0.5,0.3,0.0,0.0,0.1,0.9,0.37649786902231297,0.6235021309776869,0.5235021309776866,2.160541953783743,1.9605419537837427
0.9,0.2,0.1,0.0,0.1,0.6,0.6353355477920659,0.364664452207934,0.2646644522079338,3.217666795778212,3.0176667957782124
0.3,0.4,0.3,0.6,0.4,0.2,0.8999999999999955,0.1000000000000047,0.0,0.20000000000001353,0.0
0.3,0.6,0.3,0.3,0.8,0.1,0.48051340884114774,0.5194865911588522,0.41948659115885223,0.19999999999999984,0.0
0.3,0.3,0.1,0.5,0.3,0.6,0.9000000000000021,0.09999999999999787,0.0,1.0397265184972364,0.8397265184972362
0.4,0.8,0.5,0.7,1.0,1.0,0.7502416029036882,0.24975839709631176,0.14975839709631172,3.67462863646606,3.4746286364660603
0.1,1.0,0.8,0.2,0.0,0.0,0.0,1.0,0.9000000000000001,0.2310129495119505,0.03101294951195048
0.4,0.2,0.1,0.2,0.2,0.3,0.8999999999999999,0.10000000000000017,0.0,1.943038975163418,1.743038975163418
0.4,1.0,0.7,0.5,0.1,1.0,0.8999999999999999,0.1,0.0,2.1445685628866773,1.9445685628866773
0.3,0.1,0.0,0.1,0.4,1.0,0.0,1.0000000000000002,0.9000000000000001,1.659584450532356,1.4595844505323559
1.0,0.0,1.0,0.2,0.1,0.3,0.8999999999999999,0.10000000000000003,0.0,2.6371001068887336,2.4371001068887335
0.1,0.4,0.7,0.5,0.6,0.9,0.9000000000000004,0.09999999999999976,0.0,0.19999999999999862,0.0
0.2,0.5,1.0,0.2,0.2,0.1,0.8999999999999999,0.1000000000000001,0.0,0.7924411564688922,0.5924411564688922
0.3,0.8,0.3,0.0,0.7,0.3,0.9,0.09999999999999995,0.0,0.19999999999999984,0.0
0.8,0.2,0.4,0.3,0.1,0.6,0.1818686638171918,0.8181313361828082,0.7181313361828081,3.163281841441545,2.9632818414415447
1.0,1.0,0.5,1.0,0.8,0.4,0.4836530676373676,0.5163469323626328,0.41634693236263254,3.511177714321493,3.3111777143214933
0.3,0.6,0.5,0.3,0.7,0.8,0.0,1.0,0.9000000000000001,1.2126377272569595,1.0126377272569596
0.8,1.0,0.3,0.7,0.8,0.5,0.11391034244135356,0.8860896575586463,0.7860896575586465,1.596920186410744,1.396920186410744
0.7,0.2,0.7,0.8,0.0,0.7,0.0,1.0,0.9,2.432552205419317,2.232552205419317
0.4,0.8,0.4,0.4,1.0,0.0,0.8999999999999961,0.10000000000000395,0.0,1.7810862977019386,1.5810862977019384
0.4,1.0,0.8,0.0,0.0,0.4,0.0,1.0,0.8999999999999999,0.6934863810613475,0.49348638106134757
0.7,0.3,0.7,0.7,0.2,0.2,0.900000000000001,0.09999999999999905,0.0,1.7529661958531209,1.552966195853121
0.1,0.7,0.0,0.7,0.5,0.9,0.4826328762335133,0.5173671237664867,0.41736712376648666,0.8857092362265178,0.6857092362265176
0.7,0.1,0.1,0.2,0.4,0.1,0.3915051976525029,0.608494802347497,0.5084948023474969,2.126479672916416,1.9264796729164164
0.4,0.5,0.8,0.2,0.1,0.6,0.0,1.0,0.9000000000000001,1.353723362995209,1.1537233629952088
0.3,0.0,0.3,0.9,0.5,0.1,0.9000000000000019,0.0999999999999982,0.0,0.19999999999999504,0.0
0.3,0.7,0.1,0.1,0.7,0.9,0.6760919499358009,0.3239080500641991,0.223908050064199,1.8172575471817485,1.6172575471817483
0.4,0.2,0.0,0.3,0.2,0.4,0.8999999999999999,0.1,0.0,1.5892088562988431,1.3892088562988432
0.0,0.0,1.0,0.9,0.3,0.8,0.7663969566935946,0.23360304330640558,0.13360304330640538,1.7177590747539326,1.5177590747539327
0.3,0.0,0.4,0.4,0.0,0.2,0.5944316191826394,0.4055683808173605,0.30556838081736054,0.1999999999999994,0.0
0.5,0.5,0.8,0.2,0.7,0.3,0.0,1.0000000000000004,0.9000000000000004,0.24289496441026628,0.04289496441026633
0.6,0.1,0.0,0.2,0.2,0.5,0.3421242112563536,0.6578757887436466,0.5578757887436465,2.5460848889977337,2.346084888997734
0.5,0.1,1.0,0.2,0.8,0.7,0.0,1.0000000000000009,0.900000000000001,2.179772835092258,1.979772835092258
0.3,0.7,0.3,0.1,0.0,0.1,0.8999999999999997,0.10000000000000038,0.0,0.4663743299071271,0.26637432990712706
0.0,0.8,0.8,1.0,0.5,0.3,0.8999999999999999,0.10000000000000002,0.0,1.1662872195594074,0.9662872195594073
1.0,1.0,0.3,0.1,0.0,0.6,0.5321795500261981,0.4678204499738019,0.36782044997380225,2.292090955289386,2.0920909552893856
0.1,0.6,0.9,0.5,1.0,0.7,0.9000000000000001,0.09999999999999984,0.0,1.69608035113381,1.49608035113381
0.0,0.1,0.4,0.9,0.5,0.1,0.36535039988461104,0.634649600115389,0.5346496001153889,0.20000000000000004,0.0
0.6,1.0,0.5,0.4,0.4,0.4,0.7474370558582613,0.25256294414173885,0.15256294414173865,2.0323459903692216,1.8323459903692214
0.7,0.2,0.2,0.6,0.5,1.0,0.9,0.10000000000000002,0.0,2.4151291243179456,2.2151291243179454
0.3,0.0,0.8,0.8,0.1,0.8,0.0,1.0000000000000002,0.9000000000000002,1.3143380887403633,1.1143380887403633
0.7,0.5,0.7,0.9,0.4,0.0,0.8322613860922667,0.16773861390773348,0.06773861390773345,1.39397610819752,1.1939761081975195
0.7,0.2,0.3,0.9,0.5,0.4,0.9000000000000002,0.09999999999999992,0.0,1.600005763917036,1.400005763917036
0.0,1.0,0.4,0.5,1.0,0.8,0.8999999999999999,0.09999999999999999,0.0,1.3159770766282568,1.1159770766282566
0.1,0.4,0.8,0.0,0.1,0.1,0.3088721057137775,0.6911278942862226,0.5911278942862225,0.1999999999999998,0.0
0.8,0.9,0.4,0.9,0.0,0.3,0.4216143565982522,0.5783856434017483,0.4783856434017477,2.9129122081308556,2.7129122081308554
0.0,0.7,0.0,0.8,0.1,0.2,0.8999999999999997,0.10000000000000027,0.0,1.023902728777471,0.8239027287774708
0.8,0.5,0.8,0.2,0.1,0.3,0.0,1.0,0.9,2.276076892804412,2.0760768928044118
0.5,0.0,0.2,0.5,0.8,0.6,0.8999999999999999,0.1,0.0,0.5540042916693632,0.3540042916693632
0.2,0.7,0.7,0.1,1.0,0.8,0.8999999999999999,0.10000000000000002,0.0,2.1101355694707378,1.9101355694707378
0.4,0.9,1.0,0.3,0.3,0.2,0.9,0.09999999999999998,0.0,1.9898502022558935,1.7898502022558933
0.9,0.0,0.4,0.6,0.4,0.3,0.9000000000000001,0.09999999999999998,0.0,1.1007007715555095,0.9007007715555094
0.2,0.3,0.1,0.1,0.2,0.7,0.8999999999999999,0.10000000000000007,0.0,1.6223693534097012,1.422369353409701
0.2,0.7,0.0,0.1,0.8,0.0,0.6434003447150497,0.3565996552849504,0.25659965528495077,0.4200285351254105,0.22002853512541054
0.5,0.2,0.8,0.0,0.4,0.0,0.10525382515107529,0.8947461748489248,0.7947461748489242,0.8457651844088203,0.6457651844088204
0.3,0.8,0.1,1.0,0.6,0.4,0.9000000000000025,0.09999999999999809,0.0,1.559070359595911,1.3590703595959106
0.6,1.0,0.9,0.6,0.4,0.7,0.22462866174961338,0.7753713382503871,0.6753713382503865,2.390009172630398,2.190009172630398
0.2,0.9,0.8,0.0,0.8,0.6,0.0,1.0000000000000013,0.9000000000000012,0.7898013391091345,0.5898013391091348
0.2,0.6,0.9,0.5,0.3,0.7,0.9,0.10000000000000005,0.0,1.6223368335722823,1.4223368335722821
0.8,0.3,0.8,0.8,0.9,0.9,0.0,1.0,0.9,3.4920458583599863,3.2920458583599865
0.4,1.0,1.0,0.4,0.1,0.0,0.9,0.10000000000000009,0.0,1.3529421037805953,1.1529421037805951
0.7,0.6,0.2,0.1,0.0,0.6,0.800627783769222,0.19937221623077772,0.09937221623077774,2.334235782746345,2.1342357827463454
1.0,0.1,0.6,0.7,0.1,0.5,0.4205505701956862,0.5794494298043134,0.4794494298043137,2.8206779195140363,2.620677919514036
0.2,0.0,0.2,0.6,0.6,0.3,0.9000000000000011,0.09999999999999909,0.0,0.19999999999999812,0.0
0.5,0.4,0.7,0.3,1.0,0.2,0.9000000000000001,0.09999999999999992,0.0,0.9693906892819835,0.7693906892819833
0.6,0.9,0.1,0.5,0.1,0.9,0.8999999999999999,0.1,0.0,3.599283343732556,3.399283343732556
0.3,0.1,0.0,0.7,0.3,0.9,0.0,1.0000000000000002,0.9000000000000001,1.58842051685764,1.38842051685764
0.6,0.4,0.4,0.3,0.5,0.4,0.3806370125368446,0.6193629874631554,0.5193629874631556,0.595137145060928,0.39513714506092756
0.4,0.9,0.0,0.0,0.9,0.5,0.0,1.0,0.9000000000000001,1.4194237276266168,1.2194237276266169
0.0,0.6,0.3,0.8,0.9,1.0,0.005760352282019987,0.9942396477179801,0.8942396477179801,1.62919613973079,1.4291961397307897
0.6,0.2,0.1,0.7,0.7,0.6,0.16480675011788493,0.8351932498821151,0.735193249882115,1.502151023003134,1.302151023003134
0.7,1.0,0.5,0.9,0.8,0.8,0.0,1.0000000000000002,0.9000000000000002,3.60461886579631,3.4046188657963103
0.1,0.4,0.6,0.4,0.2,0.7,0.8999999999999998,0.10000000000000026,0.0,0.9554702695311081,0.755470269531108
0.8,0.5,0.7,0.9,0.9,0.6,0.20773413186429535,0.7922658681357051,0.692265868135705,2.633333163788279,2.4333331637882787
0.9,0.9,0.3,0.9,0.3,1.0,0.9,0.09999999999999999,0.0,4.55944982728179,4.35944982728179
0.7,0.2,0.8,0.1,0.3,0.2,0.5628887967579805,0.4371112032420197,0.3371112032420196,2.4705941783301966,2.2705941783301964
0.1,0.7,1.0,1.0,0.8,0.7,0.7731004206719139,0.22689957932808624,0.12689957932808615,2.46622105606682,2.26622105606682
0.5,0.7,1.0,0.7,0.1,0.5,0.9,0.09999999999999992,0.0,2.5867741172218657,2.3867741172218655
0.6,0.5,0.8,0.8,0.1,0.5,0.0,0.9999999999999999,0.8999999999999999,1.9443995524647812,1.7443995524647813
0.2,0.9,0.5,0.1,0.8,0.1,0.0,1.0000000000000002,0.9000000000000001,0.8350267983821149,0.635026798382115
1.0,0.7,0.8,0.5,0.0,0.1,0.899999999999999,0.10000000000000096,0.0,2.3912909102223385,2.1912909102223384
0.9,0.5,0.1,0.4,1.0,0.9,0.8999999999999999,0.10000000000000006,0.0,3.6024444019953368,3.4024444019953366
0.8,0.2,0.8,0.3,0.3,1.0,0.0,1.0,0.9,4.251089549162205,4.051089549162205
0.7,0.4,0.8,0.3,0.3,0.1,0.6692291041982743,0.33077089580172603,0.23077089580172616,1.807927314269976,1.607927314269976
0.7,0.5,0.5,0.7,1.0,0.7,0.3367356881513164,0.6632643118486832,0.5632643118486831,2.8105409199978646,2.6105409199978644
0.3,1.0,0.2,0.1,0.2,0.9,0.9000000000000001,0.09999999999999991,0.0,2.2736702153938304,2.0736702153938302
0.5,0.8,0.8,0.8,0.2,0.2,0.9000000000000001,0.10000000000000003,0.0,2.6169797053622146,2.4169797053622144
1.0,0.8,0.4,0.1,0.1,1.0,0.4651993797125247,0.5348006202874747,0.43480062028747435,4.847862115506585,4.647862115506585
0.0,1.0,0.2,1.0,0.1,0.7,0.9,0.09999999999999996,0.0,2.090588646329707,1.8905886463297068
0.0,1.0,0.2,0.9,0.3,0.4,0.900000000000001,0.09999999999999917,0.0,1.1826170976360113,0.9826170976360112
0.9,1.0,0.3,0.0,0.0,0.6,0.3761453009709852,0.6238546990290155,0.5238546990290152,1.9914978370460874,1.7914978370460874
0.4,0.3,0.3,0.1,0.0,0.7,0.6338160332089906,0.3661839667910094,0.2661839667910093,0.7226875109108712,0.5226875109108711
0.8,0.6,0.2,0.8,0.8,0.9,0.14480215947002706,0.8551978405299729,0.7551978405299727,3.1408777832455383,2.940877783245538
0.6,0.4,0.1,0.8,0.5,0.4,0.83299331756194,0.16700668243806005,0.06700668243806002,0.8588322601363727,0.6588322601363727
0.3,0.5,0.7,0.6,1.0,0.6,0.9,0.10000000000000002,0.0,0.3196360932765104,0.11963609327651033
0.9,0.3,0.3,0.2,0.7,0.3,0.9000000000000001,0.09999999999999991,0.0,1.0544159479215673,0.8544159479215674
0.9,0.9,0.5,0.9,0.8,0.3,0.1352256948081454,0.8647743051918544,0.7647743051918543,3.356245970077116,3.156245970077116
1.0,0.8,0.5,0.9,0.0,0.7,0.6506224485850662,0.34937755141493376,0.24937755141493367,4.456209136762174,4.256209136762175
0.0,0.1,0.6,0.6,1.0,0.4,0.8999999999999998,0.1000000000000002,0.0,0.6009049688116486,0.40090496881164844
1.0,0.5,0.7,1.0,0.6,0.0,0.9000000000000008,0.09999999999999926,0.0,1.2947084118967205,1.0947084118967203
0.1,1.0,0.6,0.6,0.4,0.2,0.9000000000000001,0.1,0.0,0.19999999999999996,0.0
0.2,1.0,0.4,1.0,0.4,0.3,0.9000000000000001,0.1,0.0,1.0323941698832797,0.8323941698832797
0.1,0.0,0.6,0.6,0.0,0.9,0.23595516898842858,0.7640448310115715,0.6640448310115714,0.46231952353951267,0.2623195235395126
0.8,0.9,0.5,0.2,0.9,0.8,0.0,0.9999999999999998,0.8999999999999997,4.349139446582384,4.149139446582384
0.4,0.4,0.0,1.0,0.2,0.5,0.9000000000000006,0.09999999999999942,0.0,1.7806022997277389,1.580602299727739
0.7,0.7,0.1,0.3,0.2,0.0,0.9000000000000026,0.09999999999999747,0.0,3.3984421327575483,3.1984421327575485
0.3,0.2,0.2,1.0,0.2,0.3,0.8999999999999897,0.10000000000001047,0.0,1.9969704512697444,1.7969704512697442
0.5,1.0,0.1,0.7,1.0,0.5,0.8999999999999998,0.10000000000000012,0.0,2.100676733638303,1.9006767336383033
0.3,1.0,1.0,0.9,0.3,0.0,0.899999999999999,0.10000000000000103,0.0,1.5903980980258579,1.3903980980258577
0.6,0.3,0.6,0.9,0.5,0.1,0.9000000000000017,0.09999999999999831,0.0,1.2585227665368315,1.0585227665368313
0.9,0.3,0.3,0.9,1.0,0.7,0.8999999999999977,0.10000000000000252,0.0,3.2608338747438688,3.0608338747438686
0.8,0.4,0.7,1.0,0.8,0.9,0.044489774534139714,0.9555102254658603,0.8555102254658602,3.1013143427900713,2.901314342790071
0.4,0.1,0.5,1.0,0.0,0.3,0.3548970848684297,0.6451029151315704,0.5451029151315704,1.9496035281183741,1.7496035281183744
0.6,0.3,0.0,0.3,1.0,0.6,0.9000000000000001,0.09999999999999994,0.0,2.380714922926451,2.180714922926451
0.9,0.5,0.1,0.7,0.3,0.4,0.8999999999999999,0.10000000000000002,0.0,2.2415826310715197,2.0415826310715195
0.7,0.0,0.3,0.5,0.6,0.6,0.899999999999999,0.10000000000000087,0.0,0.23840778538854202,0.03840778538854195
0.7,0.4,0.7,0.2,0.0,0.1,0.450197411896486,0.549802588103514,0.44980258810351414,1.0677372764921649,0.8677372764921651
0.6,0.5,0.9,0.4,0.8,0.7,0.0,0.9999999999999984,0.8999999999999984,2.069165717365449,1.8691657173654492
0.8,0.6,0.1,0.4,1.0,0.8,0.8999999999999998,0.10000000000000041,0.0,3.7912622046161624,3.5912622046161626
0.5,0.1,0.6,1.0,0.2,1.0,0.8503038991076983,0.14969610089230123,0.04969610089230181,4.271092230272344,4.071092230272344
0.7,1.0,1.0,0.5,0.7,0.9,0.7335382049920178,0.2664617950079824,0.1664617950079824,2.5204439644647914,2.3204439644647916
0.6,0.6,0.3,0.9,0.9,1.0,0.5617715889944122,0.4382284110055872,0.3382284110055873,3.5284178487737115,3.3284178487737113
0.3,0.4,0.4,0.1,0.3,0.9,0.28478814659985696,0.7152118534001428,0.6152118534001427,1.4078977611138115,1.2078977611138115
0.5,0.1,0.9,0.7,0.5,0.4,0.0,1.0,0.9000000000000001,0.9576440950622888,0.7576440950622888
1.0,0.2,0.0,0.8,0.7,0.1,0.4986101888592826,0.5013898111407176,0.4013898111407175,1.4465906736660787,1.2465906736660788
0.1,0.1,0.9,0.7,0.4,0.8,0.0,1.0000000000000013,0.9000000000000015,1.2389168804013646,1.0389168804013649
0.6,0.1,0.2,0.8,0.4,0.7,0.22440620115206533,0.7755937988479349,0.6755937988479348,2.175233108901959,1.9752331089019592
0.9,1.0,0.8,0.8,0.3,0.2,0.6996197946028562,0.3003802053971434,0.20038020539714352,2.7175582380693237,2.5175582380693236
0.5,0.6,0.4,0.5,0.7,1.0,0.46667585413551227,0.5333241458644877,0.43332414586448764,1.6497980361812887,1.4497980361812886
0.9,0.0,0.3,0.5,0.5,0.7,0.9000000000000002,0.09999999999999995,0.0,0.935266534645353,0.7352665346453529
0.8,0.0,0.2,0.6,0.5,0.1,0.8999999999999935,0.10000000000000653,0.0,0.3443788963657872,0.14437889636578696
1.0,0.5,0.1,0.9,0.2,0.3,0.8999999999999989,0.1000000000000013,0.0,3.1314525624702405,2.9314525624702403
0.0,0.3,0.0,0.1,0.2,0.2,0.9000000000000002,0.09999999999999978,0.0,0.36030538394267414,0.16030538394267407
0.3,0.4,0.5,0.8,0.5,0.1,0.6949066213422066,0.30509337865779335,0.20509337865779334,0.19999999999999973,0.0
0.6,0.1,0.9,0.6,0.1,0.5,0.19196665149714143,0.8080333485028584,0.7080333485028583,2.483731596016507,2.2837315960165068
0.6,0.2,0.2,0.9,0.2,0.8,0.9000000000000001,0.09999999999999976,0.0,3.685494805872277,3.485494805872277
0.6,0.3,0.4,1.0,0.1,0.6,0.8999999999999999,0.10000000000000012,0.0,3.0736251522248943,2.873625152224894
0.6,0.8,0.8,0.8,0.5,0.2,0.5620577590691378,0.4379422409308623,0.33794224093086234,1.7759351169722521,1.5759351169722522
0.2,0.5,0.9,0.5,0.4,1.0,0.0,1.0,0.9,1.357869212899854,1.157869212899854
0.1,1.0,0.1,0.8,0.8,0.3,0.07526437707050579,0.9247356229294943,0.8247356229294942,0.4127182143639191,0.21271821436391902
0.0,0.9,0.2,0.9,0.3,0.6,0.8999999999999997,0.10000000000000042,0.0,1.868107214041684,1.6681072140416837
0.4,0.7,0.5,0.5,0.3,0.8,0.8999999999999986,0.10000000000000159,0.0,2.7719244962083818,2.5719244962083816
0.7,1.0,0.1,0.7,0.5,1.0,0.24534723850820606,0.7546527614917937,0.6546527614917937,2.812660265192304,2.6126602651923037
0.4,0.0,0.5,1.0,0.7,0.8,0.24561625585167313,0.7543837441483269,0.6543837441483268,1.6614879940629472,1.461487994062947
0.1,0.6,1.0,0.6,0.9,0.0,0.9000000000000001,0.09999999999999992,0.0,0.3646623816393005,0.16466238163930047
0.2,0.8,0.6,0.6,0.3,0.4,0.8999999999999977,0.10000000000000223,0.0,1.3191228232118146,1.1191228232118147
0.4,0.4,0.1,0.4,0.3,0.8,0.9000000000000001,0.09999999999999995,0.0,1.6544954155809206,1.4544954155809207
1.0,1.0,0.9,0.2,0.1,0.7,0.024992957092308643,0.9750070429076918,0.875007042907691,4.098807205243201,3.898807205243201
0.8,0.3,0.3,0.9,0.0,0.7,0.8999999999999999,0.10000000000000003,0.0,2.530626292251593,2.3306262922515932
0.7,0.5,0.3,0.7,0.8,0.5,0.0,0.9999999999999999,0.8999999999999999,0.8595680898057143,0.6595680898057144
0.5,0.1,0.7,0.6,0.1,0.8,0.2508131449673352,0.7491868550326646,0.6491868550326648,1.8567181256417495,1.6567181256417496
1.0,0.1,0.2,0.0,0.2,1.0,0.8071704532881936,0.19282954671180663,0.09282954671180638,4.0359183461716,3.8359183461716007
0.4,0.4,0.8,0.4,0.7,0.5,0.19840753715349108,0.8015924628465089,0.7015924628465089,0.20000000000000018,0.0
0.2,0.3,0.0,0.7,0.9,0.6,0.2551904215333829,0.7448095784666169,0.644809578466617,0.41622546501223534,0.21622546501223538
0.9,0.8,0.1,0.7,0.6,0.8,0.9,0.1,0.0,2.958857821097353,2.7588578210973527
0.4,0.3,0.5,1.0,0.2,0.0,0.9000000000000077,0.09999999999999243,0.0,2.2587701674874205,2.0587701674874204
0.1,0.4,1.0,0.0,0.5,0.8,0.16271565877984834,0.8372843412201516,0.7372843412201516,0.19999999999999996,0.0
0.3,0.9,0.1,0.5,1.0,0.9,0.9,0.09999999999999994,0.0,2.5584485301101947,2.3584485301101945
0.0,0.8,1.0,0.1,0.6,0.9,0.5537797627818208,0.44622023721817916,0.346220237218179,1.551617487347372,1.3516174873473714
0.7,1.0,0.1,0.4,0.9,0.8,0.5219092920138979,0.47809070798610165,0.37809070798610156,3.411995331295632,3.2119953312956318
1.0,0.6,0.7,0.5,0.7,0.8,0.9,0.09999999999999999,0.0,1.9245778735742014,1.7245778735742012
1.0,0.5,0.1,0.4,0.7,0.8,0.3822839738270498,0.6177160261729502,0.5177160261729501,2.1227908962745006,1.9227908962745004
0.7,0.7,0.9,0.9,0.0,0.6,0.67751559494481,0.3224844050551898,0.22248440505518952,3.951790980483503,3.751790980483503
0.3,0.7,0.2,0.6,0.3,0.5,0.9000000000000148,0.09999999999998488,0.0,1.2972183309134133,1.0972183309134131
0.8,0.9,0.5,0.0,1.0,0.6,0.521488787687038,0.47851121231296223,0.37851121231296236,3.7417638509592748,3.5417638509592746
0.9,0.1,0.4,1.0,0.7,0.5,0.21341435469656428,0.7865856453034357,0.6865856453034357,2.5844593395595634,2.3844593395595632
0.2,1.0,0.6,0.4,0.7,0.3,0.8999999999999998,0.10000000000000017,0.0,0.1999999999999999,0.0
0.6,0.7,0.0,0.6,0.4,0.2,0.8999999999999997,0.10000000000000019,0.0,1.5098290846900357,1.3098290846900356
0.3,0.2,1.0,0.0,0.9,0.5,0.17534144367859095,0.8246585563214088,0.724658556321409,1.2856803154667698,1.0856803154667696
0.8,0.1,0.0,0.9,0.5,0.9,0.0,1.0,0.9,2.94898588350944,2.7489858835094396
1.0,0.2,0.1,1.0,0.3,0.0,0.9000000000000039,0.09999999999999631,0.0,3.7095675413089504,3.50956754130895
0.6,0.0,0.7,0.9,0.3,0.8,0.7429716111395264,0.25702838886047363,0.15702838886047332,2.593797220779837,2.393797220779837
0.4,0.4,0.5,0.1,0.6,0.8,0.2555854562958303,0.7444145437041696,0.6444145437041697,0.6272292072912884,0.42722920729128777
0.6,1.0,0.1,0.4,0.4,0.9,0.6025256196475781,0.39747438035242166,0.2974743803524218,2.9097598861504457,2.7097598861504455
0.8,0.6,0.2,0.3,0.8,0.0,0.8716544762605469,0.12834552373945285,0.02834552373945287,1.8803179165126735,1.6803179165126738
0.5,0.8,0.7,0.5,0.6,0.5,0.8999999999999997,0.10000000000000026,0.0,0.7823084669520988,0.5823084669520987
0.7,1.0,0.4,0.2,0.6,0.6,0.21318463515915775,0.7868153648408422,0.6868153648408422,1.6927287570330178,1.4927287570330179
0.8,0.1,0.0,0.5,0.0,1.0,0.0,1.0,0.9,3.0347202689553145,2.8347202689553144
0.1,0.4,1.0,0.1,0.9,0.0,0.6896671696607708,0.31033283033922915,0.21033283033922917,0.2,0.0
0.3,0.9,0.3,0.0,0.8,0.2,0.07111868035202572,0.9288813196479744,0.8288813196479744,0.20000000000000012,0.0
0.5,0.4,0.2,0.4,0.2,0.0,0.8999999999999895,0.10000000000001105,0.0,0.9485063113173404,0.7485063113173404
0.1,0.5,0.5,0.8,0.0,0.0,0.0,1.0,0.9,0.19999999999999968,0.0
1.0,0.5,0.7,0.3,0.6,0.0,0.7858335364344113,0.21416646356558866,0.11416646356558868,0.560145458571732,0.36014545857173186
0.2,0.0,1.0,0.5,0.1,0.7,0.8999999999999999,0.10000000000000002,0.0,0.8404408155042415,0.6404408155042415
1.0,0.3,0.2,0.3,0.2,0.3,0.9000000000000079,0.09999999999999246,0.0,2.7181757864860905,2.5181757864860903
0.7,0.7,0.1,0.4,0.6,1.0,0.9000000000000001,0.1000000000000002,0.0,3.3026847296569914,3.1026847296569913
0.7,0.0,0.0,0.6,0.4,0.4,0.8409151113857036,0.15908488861429637,0.05908488861429673,0.855696657967282,0.6556966579672819
1.0,0.5,0.1,1.0,0.2,0.6,0.9000000000000029,0.0999999999999972,0.0,3.933889391746907,3.733889391746907
0.8,0.2,1.0,0.9,0.9,0.5,0.7092449862668355,0.2907550137331647,0.1907550137331646,3.668631081710816,3.4686310817108157
0.5,0.8,0.5,0.9,0.1,0.9,0.7487478872383253,0.2512521127616749,0.1512521127616746,4.413110498852269,4.213110498852269
0.4,0.6,0.9,1.0,0.8,1.0,0.0,1.0000000000000002,0.9000000000000002,3.4691747960810244,3.2691747960810247
0.0,0.5,0.6,0.0,0.6,0.0,0.6165165852327903,0.3834834147672097,0.28348341476720973,0.20000000000001672,0.0
0.6,0.7,0.1,0.1,0.5,0.0,0.8999999999999981,0.10000000000000196,0.0,1.7270775226754156,1.5270775226754156
0.6,0.4,1.0,0.4,0.4,0.7,0.7439239449523223,0.25607605504767783,0.15607605504767785,1.8509525040819912,1.650952504081991
0.2,0.1,0.4,0.9,0.8,0.4,0.0,1.0000000000000002,0.9000000000000002,0.6475308365978165,0.4475308365978165
0.4,0.7,0.0,0.7,1.0,0.8,0.9000000000000001,0.09999999999999994,0.0,2.406275222218713,2.206275222218713
0.9,0.9,1.0,0.5,0.2,0.6,0.9000000000000004,0.09999999999999976,0.0,3.757715824423294,3.557715824423294
0.9,0.5,0.6,1.0,0.5,0.3,0.9000000000000001,0.1,0.0,2.069562450441902,1.869562450441902
1.0,0.3,1.0,0.0,0.3,0.4,0.9,0.10000000000000005,0.0,2.6661875891050513,2.466187589105051
0.1,0.0,1.0,0.9,0.9,0.3,0.7730279969107281,0.22697200308927212,0.12697200308927187,0.8128382788757016,0.6128382788757017
0.9,1.0,0.3,0.4,0.6,0.5,0.8999999999999997,0.1000000000000002,0.0,1.1615872044941815,0.9615872044941814
0.7,0.1,0.5,0.7,0.6,0.6,0.0,1.0,0.9,1.6535575773349913,1.4535575773349914
0.6,0.1,0.8,0.4,0.2,0.0,0.8365726917049956,0.1634273082950044,0.06342730829500416,2.06135316528366,1.8613531652836603
0.2,0.8,0.3,0.7,0.2,0.1,0.8999999999999988,0.10000000000000106,0.0,0.8459623817913211,0.645962381791321
0.4,0.4,1.0,0.4,0.2,0.4,0.9000000000000009,0.09999999999999917,0.0,1.2017717260520637,1.0017717260520635
0.8,0.7,1.0,0.9,0.8,0.9,0.6093051479588842,0.3906948520411153,0.2906948520411152,4.527080717148883,4.327080717148883
0.5,0.9,0.1,0.8,0.8,0.6,0.0,1.0,0.9,2.2200919047057144,2.0200919047057146
0.0,0.0,0.2,0.3,0.2,0.1,0.9000000000000019,0.09999999999999798,0.0,0.19999999999999934,0.0
0.9,0.5,0.6,0.1,1.0,0.8,0.7048817034397832,0.29511829656021726,0.1951182965602174,3.3387244338595097,3.1387244338595095
0.7,0.7,0.3,0.4,0.9,0.6,0.8999999999999995,0.10000000000000066,0.0,2.839624949488745,2.6396249494887454
0.9,0.6,0.4,0.1,0.2,0.0,0.8999999999999992,0.10000000000000073,0.0,2.6922159394618657,2.492215939461866
0.0,1.0,0.7,0.6,0.2,1.0,0.8845383554989914,0.11546164450100838,0.01546164450100812,1.6501062583546022,1.4501062583546023
0.9,1.0,0.8,0.8,0.2,0.1,0.9,0.10000000000000005,0.0,2.8816638737939426,2.6816638737939424
1.0,0.2,0.7,0.6,0.6,0.2,0.8999999999999996,0.10000000000000059,0.0,0.7514808373014056,0.5514808373014055
0.1,0.5,0.6,0.9,0.9,0.3,0.5632471253970528,0.43675287460294765,0.3367528746029476,0.67355786225589,0.47355786225588997
0.9,0.4,0.2,0.1,0.6,0.0,0.8999999999999994,0.10000000000000087,0.0,0.5619225838259744,0.3619225838259741
0.2,0.6,0.3,0.7,0.5,1.0,0.38601053652404466,0.6139894634759555,0.5139894634759554,0.4396705823243625,0.23967058232436278
1.0,0.2,0.6,0.6,1.0,0.1,0.9000000000000007,0.09999999999999949,0.0,2.5469439770375866,2.3469439770375864
0.9,1.0,0.0,0.1,0.3,0.3,0.9,0.10000000000000003,0.0,2.5693481002305876,2.369348100230588
0.1,0.3,0.4,0.3,0.9,0.9,0.0,1.0,0.9,1.5126517079597668,1.3126517079597668
0.5,0.6,0.8,1.0,0.9,0.5,0.4197098608913685,0.5802901391086315,0.4802901391086316,2.747078595471478,2.547078595471478
0.5,0.8,0.4,0.5,0.0,0.3,0.9,0.10000000000000012,0.0,1.5282614425681762,1.328261442568176
0.1,0.6,0.8,0.6,0.3,0.4,0.8999999999999999,0.09999999999999999,0.0,0.4256564027709184,0.22565640277091834
0.5,0.8,0.2,0.9,0.3,0.2,0.8999999999999868,0.1000000000000136,0.0,2.713861919141294,2.5138619191412936
0.9,0.1,0.1,1.0,0.8,1.0,0.0,1.0,0.9000000000000001,4.58277900752247,4.38277900752247
0.6,1.0,0.3,0.2,0.2,0.4,0.8999999999999999,0.10000000000000028,0.0,2.205749275967673,2.005749275967673
1.0,0.7,0.2,0.4,0.4,0.9,0.9000000000000005,0.09999999999999956,0.0,3.7482995465341804,3.5482995465341802
0.1,0.5,0.3,0.7,0.4,1.0,0.0,1.0,0.8999999999999999,0.3471573531934765,0.1471573531934765
0.2,0.0,0.9,0.2,0.2,0.9,0.02134636128909695,0.9786536387109033,0.8786536387109031,2.2119107513185314,2.0119107513185313
0.6,0.8,0.9,0.1,0.1,0.1,0.8645101801680424,0.13548981983195785,0.035489819831957536,3.2578902377729295,3.05789023777293
0.0,0.1,0.7,0.0,0.6,0.5,0.0,0.9999999999999999,0.8999999999999999,0.19999999999999893,0.0
0.9,0.8,0.5,0.6,0.8,0.1,0.8968065585329055,0.10319344146709486,0.0031934414670942157,2.6635086463730313,2.463508646373031
0.4,0.5,0.9,0.0,0.5,0.6,0.0,1.0,0.8999999999999999,0.3819007402509357,0.1819007402509357
0.9,0.1,0.1,0.3,0.1,1.0,0.0,1.0,0.9,4.453734821386481,4.253734821386481
0.6,1.0,0.0,0.7,0.6,0.4,0.5995588964585428,0.4004411035414571,0.3004411035414568,0.5279534271570168,0.3279534271570166
0.9,0.2,0.3,1.0,0.6,0.6,0.8999999999999989,0.10000000000000114,0.0,2.3137348125473185,2.1137348125473183
0.2,0.1,1.0,0.7,0.8,0.8,0.0,1.0000000000000016,0.9000000000000016,1.0591455111001364,0.8591455111001365
0.4,0.2,0.9,0.8,1.0,0.0,0.9,0.1,0.0,1.886016573538658,1.6860165735386579
0.3,0.0,0.5,0.7,0.7,0.4,0.069077064616666,0.930922935383334,0.830922935383334,0.1999999999999994,0.0
0.8,0.2,0.9,0.5,0.1,0.7,0.7077138149195941,0.2922861850804068,0.1922861850804065,3.551539280259774,3.351539280259774
0.7,0.1,0.5,0.0,0.7,0.8,0.0,1.0000000000000002,0.9000000000000001,2.3182968991057695,2.11829689910577
0.4,0.5,0.2,0.0,0.8,0.6,0.0,1.0,0.8999999999999999,0.2485669532416213,0.0485669532416213
0.5,0.3,0.8,1.0,0.9,0.0,0.9,0.1,0.0,2.0435307726623124,1.8435307726623122
1.0,0.7,0.2,1.0,0.8,0.7,0.8999999999999995,0.10000000000000063,0.0,4.118960656900939,3.9189606569009396
0.6,0.0,0.5,0.2,1.0,0.6,0.5607934539213209,0.43920654607867915,0.33920654607867917,2.6657994837308285,2.4657994837308284
0.8,0.4,0.0,0.3,1.0,0.4,0.9,0.1,0.0,2.1957730141797707,1.9957730141797707
0.1,0.8,0.2,0.8,0.9,0.8,0.651279520777626,0.3487204792223741,0.24872047922237417,2.175065400328319,1.9750654003283188
0.7,0.9,0.3,0.6,0.3,0.7,0.8999999999999999,0.1,0.0,2.629110875990449,2.4291108759904487
0.7,0.2,0.7,0.8,0.4,0.3,0.4826573427357934,0.5173426572642063,0.41734265726420633,1.7555192811344649,1.555519281134465
1.0,0.0,0.2,1.0,0.5,0.4,0.8999999999999984,0.10000000000000187,0.0,1.962224289004404,1.7622242890044038
0.2,0.7,1.0,0.3,0.7,0.3,0.8999999999999999,0.10000000000000019,0.0,0.6716674620963023,0.4716674620963023
0.1,0.4,0.5,0.3,0.2,0.1,0.9,0.10000000000000003,0.0,0.6335263392873377,0.43352633928733764
1.0,0.3,0.4,0.4,0.6,0.9,0.9,0.10000000000000002,0.0,2.1475524922923044,1.9475524922923042
0.9,0.3,0.7,0.4,0.0,1.0,0.5810461579956963,0.41895384200430374,0.31895384200430366,3.0067267015407766,2.806726701540777
0.0,0.0,0.0,0.4,0.5,0.5,0.5494933931236493,0.4505066068763507,0.3505066068763507,0.2000000000000028,0.0
0.9,0.2,1.0,0.0,0.7,0.1,0.6394185472910192,0.3605814527089809,0.2605814527089809,1.6145454828453798,1.4145454828453796
0.9,0.9,1.0,0.0,0.7,0.6,0.04435910067734694,0.9556408993226533,0.8556408993226532,2.512489952184551,2.312489952184551
0.7,1.0,0.9,0.0,0.9,0.4,0.0,1.0,0.9,2.791825027335251,2.591825027335251
0.8,0.5,0.2,0.5,0.4,0.1,0.8999999999999995,0.10000000000000055,0.0,1.0237352533496453,0.8237352533496454
0.0,0.2,0.5,0.4,0.2,0.7,0.8062038899132165,0.1937961100867837,0.09379611008678368,1.8662860624342779,1.6662860624342777
0.3,0.5,1.0,0.6,0.4,0.9,0.32553105074140953,0.6744689492585907,0.5744689492585908,0.9429560870925826,0.7429560870925825
0.8,0.0,1.0,1.0,0.0,0.2,0.9000000000000004,0.09999999999999976,0.0,2.607680162021765,2.4076801620217654
0.6,0.1,0.5,0.9,0.5,0.2,0.5165853871773225,0.4834146128226775,0.3834146128226775,1.800310399668893,1.600310399668893
0.3,0.3,0.3,0.8,0.5,0.9,0.7090969127988243,0.2909030872011755,0.1909030872011757,0.37183579869502226,0.17183579869502186
0.5,0.1,0.8,1.0,0.7,0.7,0.0,1.0,0.9,2.057799474031084,1.857799474031084
0.1,0.9,0.0,0.9,0.4,0.6,0.2131352493933727,0.7868647506066274,0.686864750606627,1.2807219919429396,1.0807219919429398
0.0,0.3,0.3,0.4,1.0,0.1,0.8999999999999981,0.10000000000000264,0.0,0.2000000000000014,0.0
1.0,0.0,0.4,0.6,0.8,0.2,0.46742605866584735,0.5325739413341526,0.4325739413341527,0.989808082432726,0.789808082432726
0.1,0.2,0.1,0.0,0.1,0.6,0.40344146969918054,0.5965585303008195,0.4965585303008191,1.203505647094725,1.003505647094725
0.4,0.4,0.5,0.9,0.3,0.6,0.9,0.1,0.0,1.9288018671631464,1.7288018671631464
1.0,0.0,0.2,0.0,0.7,0.7,0.5779891286722507,0.4220108713277493,0.3220108713277493,1.3679714894141417,1.1679714894141418
0.1,0.4,0.9,0.8,0.0,0.3,0.0,1.0,0.9,0.19999999999999993,0.0
1.0,0.4,1.0,0.6,0.1,0.3,0.8999999999999979,0.10000000000000214,0.0,2.0568144107649644,1.8568144107649642
0.3,0.2,0.4,0.4,1.0,0.4,0.8999999999999995,0.1000000000000005,0.0,1.1159042262183547,0.9159042262183548
0.9,0.5,0.8,0.3,0.6,0.5,0.0,1.0,0.8999999999999999,1.2626569529836036,1.0626569529836034
0.3,0.3,0.7,0.0,0.9,0.7,0.21277857487851826,0.7872214251214816,0.6872214251214818,0.723710936540311,0.5237109365403111
1.0,0.4,0.0,1.0,0.5,1.0,0.7318669317471678,0.26813306825283223,0.16813306825283214,3.162665384283976,2.9626653842839756
0.3,0.6,0.7,0.0,0.3,0.2,0.9,0.09999999999999996,0.0,0.338885177440577,0.138885177440577
0.0,0.7,0.0,0.7,0.2,0.0,0.9000000000000016,0.09999999999999831,0.0,0.8119859085889009,0.6119859085889007
0.2,0.6,0.0,0.8,0.3,1.0,0.3053088141183382,0.6946911858816616,0.5946911858816617,2.08518072506854,1.88518072506854
0.3,0.6,0.6,0.6,0.4,1.0,0.7139541743140629,0.28604582568593695,0.18604582568593708,1.582808237117534,1.3828082371175336
0.2,0.5,0.4,1.0,0.2,0.0,0.8999999999999999,0.10000000000000027,0.0,1.041524653667155,0.841524653667155
0.9,0.1,1.0,0.5,0.9,0.5,0.7683384923345096,0.23166150766548999,0.13166150766549028,2.858236437569132,2.658236437569132
0.8,0.4,0.9,0.0,0.6,0.1,0.6210820172050862,0.37891798279491384,0.27891798279491387,0.847102392537965,0.647102392537965
0.1,0.3,0.0,0.3,0.1,0.3,0.8923711739718633,0.10762882602813706,0.007628826028137414,0.36104416672109696,0.16104416672109695
0.1,0.4,0.7,1.0,0.6,0.4,0.8999999999999999,0.10000000000000009,0.0,0.2000000000000003,0.0
0.5,0.6,0.0,0.4,0.9,0.3,0.8712167072386845,0.1287832927613155,0.028783292761315193,1.3520551453782792,1.1520551453782795
0.7,0.0,0.0,0.8,0.3,0.6,0.4964154265412144,0.5035845734587859,0.40358457345878607,2.1543170512163217,1.954317051216322
0.5,0.7,0.3,0.2,0.8,0.1,0.9,0.09999999999999999,0.0,1.2479789246906483,1.0479789246906484
0.3,0.8,0.3,0.5,0.1,0.2,0.9000000000000008,0.09999999999999903,0.0,0.8360331089828579,0.6360331089828578
1.0,0.6,0.3,0.2,0.5,0.3,0.8999999999999998,0.10000000000000014,0.0,1.400443961973914,1.200443961973914
0.5,0.1,0.9,1.0,0.1,1.0,0.0,1.0,0.9,4.465640370752465,4.265640370752465
0.5,0.9,1.0,0.8,0.9,0.3,0.3370034286539454,0.6629965713460546,0.5629965713460543,2.3881032549261083,2.1881032549261086
0.2,0.2,0.4,0.7,0.8,0.8,0.0,1.0000000000000009,0.9000000000000009,0.7718030848734202,0.5718030848734204
0.5,0.5,0.3,1.0,0.7,0.6,0.651962650476768,0.34803734952323195,0.24803734952323192,0.8948216099965136,0.6948216099965134
0.0,0.8,0.5,0.5,0.3,0.8,0.8999999999999999,0.10000000000000016,0.0,2.303927531907471,2.1039275319074706
0.9,0.9,0.7,0.4,0.7,0.1,0.827334105163076,0.17266589483692407,0.07266589483692402,1.4781020878797246,1.2781020878797242
0.3,0.5,1.0,0.8,0.9,0.5,0.023495321752750042,0.9765046782472502,0.8765046782472504,0.973337948517661,0.773337948517661
0.8,0.7,0.3,0.5,0.9,0.6,0.9000000000000015,0.09999999999999865,0.0,2.797861066432433,2.597861066432433
1.0,0.5,0.3,0.2,0.3,0.9,0.48977647107444433,0.5102235289255561,0.4102235289255561,3.0551844341691496,2.8551844341691495
0.1,0.6,0.9,0.3,0.7,0.7,0.0,0.9999999999999998,0.8999999999999997,0.8587460374564826,0.6587460374564826
0.5,0.2,0.1,1.0,0.7,0.5,0.8999240070224054,0.10007599297759473,7.599297759472434e-05,2.0046362596430565,1.8046362596430563
